look_id,axis,predicted_label,confidence
gucci_fall_2015_mens_001,silhouette,casual_relaxed,0.3209
gucci_fall_2015_mens_001,neckline_collar,turtleneck,0.4344
gucci_fall_2015_mens_001,fabric_texture,leather,0.2672
gucci_fall_2015_mens_001,pattern,solid_no_pattern,0.5012
gucci_fall_2015_mens_001,embellishment,layered_jewelry,0.3937
gucci_fall_2015_mens_002,silhouette,casual_relaxed,0.2573
gucci_fall_2015_mens_002,neckline_collar,turtleneck,0.5877
gucci_fall_2015_mens_002,fabric_texture,leather,0.3669
gucci_fall_2015_mens_002,pattern,solid_no_pattern,0.2593
gucci_fall_2015_mens_002,embellishment,statement_bow,0.2694
gucci_fall_2015_mens_003,silhouette,structured_tailored,0.6348
gucci_fall_2015_mens_003,neckline_collar,classic_shirt_collar,0.6381
gucci_fall_2015_mens_003,fabric_texture,leather,0.4547
gucci_fall_2015_mens_003,pattern,solid_no_pattern,0.2901
gucci_fall_2015_mens_003,embellishment,statement_bow,0.2642
gucci_fall_2015_mens_004,silhouette,structured_tailored,0.2961
gucci_fall_2015_mens_004,neckline_collar,turtleneck,0.2853
gucci_fall_2015_mens_004,fabric_texture,leather,0.3062
gucci_fall_2015_mens_004,pattern,striped,0.1936
gucci_fall_2015_mens_004,embellishment,statement_bow,0.5601
gucci_fall_2015_mens_005,silhouette,casual_relaxed,0.2735
gucci_fall_2015_mens_005,neckline_collar,crew_neckline,0.3127
gucci_fall_2015_mens_005,fabric_texture,cotton_jersey,0.3408
gucci_fall_2015_mens_005,pattern,solid_no_pattern,0.7578
gucci_fall_2015_mens_005,embellishment,layered_jewelry,0.425
gucci_fall_2015_mens_006,silhouette,oversized_boxy,0.2323
gucci_fall_2015_mens_006,neckline_collar,peter_pan_collar,0.2639
gucci_fall_2015_mens_006,fabric_texture,faux_fur_trim,0.3446
gucci_fall_2015_mens_006,pattern,solid_no_pattern,0.3271
gucci_fall_2015_mens_006,embellishment,oversized_eyewear,0.8438
gucci_fall_2015_mens_007,silhouette,structured_tailored,0.4038
gucci_fall_2015_mens_007,neckline_collar,classic_shirt_collar,0.388
gucci_fall_2015_mens_007,fabric_texture,leather,0.6332
gucci_fall_2015_mens_007,pattern,solid_no_pattern,0.4723
gucci_fall_2015_mens_007,embellishment,statement_bow,0.3067
gucci_fall_2015_mens_008,silhouette,structured_tailored,0.2323
gucci_fall_2015_mens_008,neckline_collar,turtleneck,0.3376
gucci_fall_2015_mens_008,fabric_texture,leather,0.4143
gucci_fall_2015_mens_008,pattern,polka_dot,0.2483
gucci_fall_2015_mens_008,embellishment,statement_bow,0.2233
gucci_fall_2015_mens_009,silhouette,casual_relaxed,0.3538
gucci_fall_2015_mens_009,neckline_collar,classic_shirt_collar,0.5195
gucci_fall_2015_mens_009,fabric_texture,leather,0.3217
gucci_fall_2015_mens_009,pattern,animal_print,0.5456
gucci_fall_2015_mens_009,embellishment,oversized_eyewear,0.2908
gucci_fall_2015_mens_010,silhouette,casual_relaxed,0.486
gucci_fall_2015_mens_010,neckline_collar,turtleneck,0.5058
gucci_fall_2015_mens_010,fabric_texture,leather,0.4236
gucci_fall_2015_mens_010,pattern,solid_no_pattern,0.4534
gucci_fall_2015_mens_010,embellishment,oversized_eyewear,0.2793
gucci_fall_2015_womens_001,silhouette,romantic_bohemian,0.3266
gucci_fall_2015_womens_001,neckline_collar,crew_neckline,0.4988
gucci_fall_2015_womens_001,fabric_texture,silk,0.2457
gucci_fall_2015_womens_001,pattern,solid_no_pattern,0.481
gucci_fall_2015_womens_001,embellishment,layered_jewelry,0.5594
gucci_fall_2015_womens_002,silhouette,structured_tailored,0.8103
gucci_fall_2015_womens_002,neckline_collar,classic_shirt_collar,0.6258
gucci_fall_2015_womens_002,fabric_texture,leather,0.3075
gucci_fall_2015_womens_002,pattern,striped,0.3621
gucci_fall_2015_womens_002,embellishment,oversized_eyewear,0.3816
gucci_fall_2015_womens_003,silhouette,romantic_bohemian,0.2903
gucci_fall_2015_womens_003,neckline_collar,turtleneck,0.252
gucci_fall_2015_womens_003,fabric_texture,brocade_jacquard,0.3379
gucci_fall_2015_womens_003,pattern,striped,0.6414
gucci_fall_2015_womens_003,embellishment,layered_jewelry,0.3491
gucci_fall_2015_womens_004,silhouette,layered_eclectic,0.277
gucci_fall_2015_womens_004,neckline_collar,classic_shirt_collar,0.2918
gucci_fall_2015_womens_004,fabric_texture,leather,0.3414
gucci_fall_2015_womens_004,pattern,animal_print,0.3149
gucci_fall_2015_womens_004,embellishment,layered_jewelry,0.5228
gucci_fall_2015_womens_005,silhouette,maxi_length,0.2507
gucci_fall_2015_womens_005,neckline_collar,ruffled_high_collar,0.2455
gucci_fall_2015_womens_005,fabric_texture,faux_fur_trim,0.8983
gucci_fall_2015_womens_005,pattern,animal_print,0.5312
gucci_fall_2015_womens_005,embellishment,oversized_eyewear,0.8089
gucci_fall_2015_womens_006,silhouette,romantic_bohemian,0.5408
gucci_fall_2015_womens_006,neckline_collar,plunging_neckline,0.726
gucci_fall_2015_womens_006,fabric_texture,lace,0.566
gucci_fall_2015_womens_006,pattern,floral_print,0.7476
gucci_fall_2015_womens_006,embellishment,embroidery,0.3957
gucci_fall_2015_womens_007,silhouette,structured_tailored,0.2723
gucci_fall_2015_womens_007,neckline_collar,peter_pan_collar,0.4176
gucci_fall_2015_womens_007,fabric_texture,leather,0.4088
gucci_fall_2015_womens_007,pattern,solid_no_pattern,0.3061
gucci_fall_2015_womens_007,embellishment,statement_bow,0.4268
gucci_fall_2015_womens_008,silhouette,structured_tailored,0.2306
gucci_fall_2015_womens_008,neckline_collar,crew_neckline,0.4072
gucci_fall_2015_womens_008,fabric_texture,leather,0.6124
gucci_fall_2015_womens_008,pattern,solid_no_pattern,0.3598
gucci_fall_2015_womens_008,embellishment,layered_jewelry,0.4577
gucci_fall_2015_womens_009,silhouette,mini_length,0.1619
gucci_fall_2015_womens_009,neckline_collar,plunging_neckline,0.3778
gucci_fall_2015_womens_009,fabric_texture,faux_fur_trim,0.4487
gucci_fall_2015_womens_009,pattern,animal_print,0.4348
gucci_fall_2015_womens_009,embellishment,oversized_eyewear,0.2595
gucci_fall_2015_womens_010,silhouette,mini_length,0.5436
gucci_fall_2015_womens_010,neckline_collar,plunging_neckline,0.5563
gucci_fall_2015_womens_010,fabric_texture,lace,0.9583
gucci_fall_2015_womens_010,pattern,animal_print,0.3934
gucci_fall_2015_womens_010,embellishment,layered_jewelry,0.2574
gucci_fall_2015_womens_011,silhouette,layered_eclectic,0.3855
gucci_fall_2015_womens_011,neckline_collar,peter_pan_collar,0.2152
gucci_fall_2015_womens_011,fabric_texture,lace,0.4387
gucci_fall_2015_womens_011,pattern,floral_print,0.6275
gucci_fall_2015_womens_011,embellishment,embroidery,0.387
gucci_fall_2015_womens_012,silhouette,romantic_bohemian,0.3758
gucci_fall_2015_womens_012,neckline_collar,peter_pan_collar,0.5417
gucci_fall_2015_womens_012,fabric_texture,brocade_jacquard,0.3733
gucci_fall_2015_womens_012,pattern,polka_dot,0.8175
gucci_fall_2015_womens_012,embellishment,embroidery,0.3318
gucci_fall_2015_womens_013,silhouette,casual_relaxed,0.3691
gucci_fall_2015_womens_013,neckline_collar,classic_shirt_collar,0.4642
gucci_fall_2015_womens_013,fabric_texture,leather,0.3915
gucci_fall_2015_womens_013,pattern,solid_no_pattern,0.2771
gucci_fall_2015_womens_013,embellishment,layered_jewelry,0.3505
gucci_spring_2016_mens_001,silhouette,casual_relaxed,0.2947
gucci_spring_2016_mens_001,neckline_collar,classic_shirt_collar,0.6648
gucci_spring_2016_mens_001,fabric_texture,cotton_jersey,0.3614
gucci_spring_2016_mens_001,pattern,floral_print,0.6965
gucci_spring_2016_mens_001,embellishment,applique_patches,0.41
gucci_spring_2016_mens_002,silhouette,structured_tailored,0.4641
gucci_spring_2016_mens_002,neckline_collar,classic_shirt_collar,0.6293
gucci_spring_2016_mens_002,fabric_texture,sequined_metallic,0.2999
gucci_spring_2016_mens_002,pattern,striped,0.2706
gucci_spring_2016_mens_002,embellishment,oversized_eyewear,0.5331
gucci_spring_2016_mens_003,silhouette,structured_tailored,0.7843
gucci_spring_2016_mens_003,neckline_collar,classic_shirt_collar,0.7759
gucci_spring_2016_mens_003,fabric_texture,brocade_jacquard,0.5347
gucci_spring_2016_mens_003,pattern,polka_dot,0.3272
gucci_spring_2016_mens_003,embellishment,layered_jewelry,0.2275
gucci_spring_2016_mens_004,silhouette,structured_tailored,0.7653
gucci_spring_2016_mens_004,neckline_collar,classic_shirt_collar,0.7955
gucci_spring_2016_mens_004,fabric_texture,brocade_jacquard,0.4669
gucci_spring_2016_mens_004,pattern,polka_dot,0.7111
gucci_spring_2016_mens_004,embellishment,oversized_eyewear,0.7863
gucci_spring_2016_mens_005,silhouette,maxi_length,0.1914
gucci_spring_2016_mens_005,neckline_collar,classic_shirt_collar,0.3179
gucci_spring_2016_mens_005,fabric_texture,sequined_metallic,0.8723
gucci_spring_2016_mens_005,pattern,floral_print,0.3509
gucci_spring_2016_mens_005,embellishment,crystal_rhinestone,0.568
gucci_spring_2016_mens_006,silhouette,structured_tailored,0.7911
gucci_spring_2016_mens_006,neckline_collar,classic_shirt_collar,0.7238
gucci_spring_2016_mens_006,fabric_texture,brocade_jacquard,0.495
gucci_spring_2016_mens_006,pattern,psychedelic_geometric,0.2807
gucci_spring_2016_mens_006,embellishment,applique_patches,0.303
gucci_spring_2016_womens_001,silhouette,mini_length,0.2955
gucci_spring_2016_womens_001,neckline_collar,plunging_neckline,0.4804
gucci_spring_2016_womens_001,fabric_texture,lace,0.4264
gucci_spring_2016_womens_001,pattern,floral_print,0.3583
gucci_spring_2016_womens_001,embellishment,embroidery,0.4565
gucci_spring_2016_womens_002,silhouette,mini_length,0.2411
gucci_spring_2016_womens_002,neckline_collar,plunging_neckline,0.4796
gucci_spring_2016_womens_002,fabric_texture,brocade_jacquard,0.386
gucci_spring_2016_womens_002,pattern,psychedelic_geometric,0.347
gucci_spring_2016_womens_002,embellishment,layered_jewelry,0.5082
gucci_spring_2016_womens_003,silhouette,romantic_bohemian,0.5334
gucci_spring_2016_womens_003,neckline_collar,plunging_neckline,0.6184
gucci_spring_2016_womens_003,fabric_texture,lace,0.7133
gucci_spring_2016_womens_003,pattern,floral_print,0.3639
gucci_spring_2016_womens_003,embellishment,pearls,0.3895
gucci_spring_2016_womens_004,silhouette,romantic_bohemian,0.5871
gucci_spring_2016_womens_004,neckline_collar,plunging_neckline,0.6581
gucci_spring_2016_womens_004,fabric_texture,lace,0.5687
gucci_spring_2016_womens_004,pattern,floral_print,0.2895
gucci_spring_2016_womens_004,embellishment,embroidery,0.4178
gucci_spring_2016_womens_005,silhouette,structured_tailored,0.3953
gucci_spring_2016_womens_005,neckline_collar,classic_shirt_collar,0.5595
gucci_spring_2016_womens_005,fabric_texture,brocade_jacquard,0.244
gucci_spring_2016_womens_005,pattern,psychedelic_geometric,0.3487
gucci_spring_2016_womens_005,embellishment,oversized_eyewear,0.4528
gucci_spring_2016_womens_006,silhouette,romantic_bohemian,0.3318
gucci_spring_2016_womens_006,neckline_collar,crew_neckline,0.4327
gucci_spring_2016_womens_006,fabric_texture,lace,0.2689
gucci_spring_2016_womens_006,pattern,floral_print,0.2981
gucci_spring_2016_womens_006,embellishment,layered_jewelry,0.6603
gucci_spring_2016_womens_007,silhouette,mini_length,0.2127
gucci_spring_2016_womens_007,neckline_collar,peter_pan_collar,0.5189
gucci_spring_2016_womens_007,fabric_texture,brocade_jacquard,0.3973
gucci_spring_2016_womens_007,pattern,floral_print,0.498
gucci_spring_2016_womens_007,embellishment,embroidery,0.2901
gucci_spring_2016_womens_008,silhouette,maxi_length,0.5666
gucci_spring_2016_womens_008,neckline_collar,plunging_neckline,0.5564
gucci_spring_2016_womens_008,fabric_texture,silk,0.4125
gucci_spring_2016_womens_008,pattern,solid_no_pattern,0.2559
gucci_spring_2016_womens_008,embellishment,statement_bow,0.2481
gucci_spring_2016_womens_009,silhouette,structured_tailored,0.347
gucci_spring_2016_womens_009,neckline_collar,pussy_bow,0.4446
gucci_spring_2016_womens_009,fabric_texture,brocade_jacquard,0.4787
gucci_spring_2016_womens_009,pattern,floral_print,0.4721
gucci_spring_2016_womens_009,embellishment,embroidery,0.216
gucci_spring_2016_womens_010,silhouette,layered_eclectic,0.2497
gucci_spring_2016_womens_010,neckline_collar,crew_neckline,0.281
gucci_spring_2016_womens_010,fabric_texture,sequined_metallic,0.7141
gucci_spring_2016_womens_010,pattern,psychedelic_geometric,0.7102
gucci_spring_2016_womens_010,embellishment,layered_jewelry,0.334
gucci_spring_2016_womens_011,silhouette,mini_length,0.4856
gucci_spring_2016_womens_011,neckline_collar,plunging_neckline,0.4626
gucci_spring_2016_womens_011,fabric_texture,lace,0.4167
gucci_spring_2016_womens_011,pattern,psychedelic_geometric,0.5271
gucci_spring_2016_womens_011,embellishment,embroidery,0.3887
gucci_spring_2016_womens_012,silhouette,romantic_bohemian,0.372
gucci_spring_2016_womens_012,neckline_collar,plunging_neckline,0.316
gucci_spring_2016_womens_012,fabric_texture,brocade_jacquard,0.518
gucci_spring_2016_womens_012,pattern,floral_print,0.2815
gucci_spring_2016_womens_012,embellishment,embroidery,0.4346
gucci_fall_2016_mens_001,silhouette,structured_tailored,0.8463
gucci_fall_2016_mens_001,neckline_collar,classic_shirt_collar,0.3668
gucci_fall_2016_mens_001,fabric_texture,leather,0.2988
gucci_fall_2016_mens_001,pattern,solid_no_pattern,0.3659
gucci_fall_2016_mens_001,embellishment,pearls,0.3701
gucci_fall_2016_mens_002,silhouette,structured_tailored,0.3216
gucci_fall_2016_mens_002,neckline_collar,turtleneck,0.2862
gucci_fall_2016_mens_002,fabric_texture,faux_fur_trim,0.314
gucci_fall_2016_mens_002,pattern,animal_print,0.6705
gucci_fall_2016_mens_002,embellishment,crystal_rhinestone,0.439
gucci_fall_2016_mens_003,silhouette,structured_tailored,0.2517
gucci_fall_2016_mens_003,neckline_collar,pussy_bow,0.2712
gucci_fall_2016_mens_003,fabric_texture,velvet,0.3469
gucci_fall_2016_mens_003,pattern,solid_no_pattern,0.5911
gucci_fall_2016_mens_003,embellishment,statement_bow,0.2032
gucci_fall_2016_mens_004,silhouette,maxi_length,0.2461
gucci_fall_2016_mens_004,neckline_collar,plunging_neckline,0.3106
gucci_fall_2016_mens_004,fabric_texture,sequined_metallic,0.5712
gucci_fall_2016_mens_004,pattern,animal_print,0.6976
gucci_fall_2016_mens_004,embellishment,crystal_rhinestone,0.3457
gucci_fall_2016_mens_005,silhouette,maxi_length,0.538
gucci_fall_2016_mens_005,neckline_collar,plunging_neckline,0.4501
gucci_fall_2016_mens_005,fabric_texture,sequined_metallic,0.4428
gucci_fall_2016_mens_005,pattern,solid_no_pattern,0.3351
gucci_fall_2016_mens_005,embellishment,pearls,0.5252
gucci_fall_2016_mens_006,silhouette,structured_tailored,0.73
gucci_fall_2016_mens_006,neckline_collar,classic_shirt_collar,0.7148
gucci_fall_2016_mens_006,fabric_texture,velvet,0.314
gucci_fall_2016_mens_006,pattern,solid_no_pattern,0.4958
gucci_fall_2016_mens_006,embellishment,pearls,0.3545
gucci_fall_2016_mens_007,silhouette,structured_tailored,0.2392
gucci_fall_2016_mens_007,neckline_collar,pussy_bow,0.2766
gucci_fall_2016_mens_007,fabric_texture,sequined_metallic,0.4949
gucci_fall_2016_mens_007,pattern,animal_print,0.5711
gucci_fall_2016_mens_007,embellishment,crystal_rhinestone,0.367
gucci_fall_2016_mens_008,silhouette,mini_length,0.3813
gucci_fall_2016_mens_008,neckline_collar,peter_pan_collar,0.244
gucci_fall_2016_mens_008,fabric_texture,sequined_metallic,0.5566
gucci_fall_2016_mens_008,pattern,psychedelic_geometric,0.5267
gucci_fall_2016_mens_008,embellishment,oversized_eyewear,0.362
gucci_fall_2016_mens_009,silhouette,romantic_bohemian,0.376
gucci_fall_2016_mens_009,neckline_collar,crew_neckline,0.3376
gucci_fall_2016_mens_009,fabric_texture,cotton_jersey,0.233
gucci_fall_2016_mens_009,pattern,solid_no_pattern,0.4633
gucci_fall_2016_mens_009,embellishment,statement_bow,0.4012
gucci_fall_2016_mens_010,silhouette,structured_tailored,0.3352
gucci_fall_2016_mens_010,neckline_collar,classic_shirt_collar,0.2377
gucci_fall_2016_mens_010,fabric_texture,velvet,0.3014
gucci_fall_2016_mens_010,pattern,logo_monogram,0.2099
gucci_fall_2016_mens_010,embellishment,applique_patches,0.3546
gucci_fall_2016_mens_011,silhouette,layered_eclectic,0.2079
gucci_fall_2016_mens_011,neckline_collar,ruffled_high_collar,0.3732
gucci_fall_2016_mens_011,fabric_texture,velvet,0.3139
gucci_fall_2016_mens_011,pattern,polka_dot,0.3401
gucci_fall_2016_mens_011,embellishment,applique_patches,0.1897
gucci_fall_2016_womens_001,silhouette,maxi_length,0.203
gucci_fall_2016_womens_001,neckline_collar,turtleneck,0.2586
gucci_fall_2016_womens_001,fabric_texture,leather,0.4894
gucci_fall_2016_womens_001,pattern,solid_no_pattern,0.3673
gucci_fall_2016_womens_001,embellishment,pearls,0.2271
gucci_fall_2016_womens_002,silhouette,maxi_length,0.3448
gucci_fall_2016_womens_002,neckline_collar,ruffled_high_collar,0.3146
gucci_fall_2016_womens_002,fabric_texture,faux_fur_trim,0.7382
gucci_fall_2016_womens_002,pattern,solid_no_pattern,0.3771
gucci_fall_2016_womens_002,embellishment,statement_bow,0.4306
gucci_fall_2016_womens_003,silhouette,structured_tailored,0.4119
gucci_fall_2016_womens_003,neckline_collar,pussy_bow,0.4465
gucci_fall_2016_womens_003,fabric_texture,faux_fur_trim,0.2652
gucci_fall_2016_womens_003,pattern,solid_no_pattern,0.5677
gucci_fall_2016_womens_003,embellishment,statement_bow,0.4468
gucci_fall_2016_womens_004,silhouette,mini_length,0.1692
gucci_fall_2016_womens_004,neckline_collar,turtleneck,0.2353
gucci_fall_2016_womens_004,fabric_texture,leather,0.362
gucci_fall_2016_womens_004,pattern,animal_print,0.2671
gucci_fall_2016_womens_004,embellishment,layered_jewelry,0.3293
gucci_fall_2016_womens_005,silhouette,mini_length,0.4472
gucci_fall_2016_womens_005,neckline_collar,peter_pan_collar,0.6354
gucci_fall_2016_womens_005,fabric_texture,leather,0.7002
gucci_fall_2016_womens_005,pattern,psychedelic_geometric,0.1693
gucci_fall_2016_womens_005,embellishment,statement_bow,0.2912
gucci_fall_2016_womens_006,silhouette,seventies_flared,0.3634
gucci_fall_2016_womens_006,neckline_collar,pussy_bow,0.2459
gucci_fall_2016_womens_006,fabric_texture,sequined_metallic,0.8373
gucci_fall_2016_womens_006,pattern,psychedelic_geometric,0.5513
gucci_fall_2016_womens_006,embellishment,crystal_rhinestone,0.4105
gucci_fall_2016_womens_007,silhouette,romantic_bohemian,0.6524
gucci_fall_2016_womens_007,neckline_collar,plunging_neckline,0.7411
gucci_fall_2016_womens_007,fabric_texture,lace,0.8804
gucci_fall_2016_womens_007,pattern,animal_print,0.2446
gucci_fall_2016_womens_007,embellishment,crystal_rhinestone,0.3345
gucci_fall_2016_womens_008,silhouette,mini_length,0.2478
gucci_fall_2016_womens_008,neckline_collar,pussy_bow,0.3123
gucci_fall_2016_womens_008,fabric_texture,sequined_metallic,0.2412
gucci_fall_2016_womens_008,pattern,psychedelic_geometric,0.5224
gucci_fall_2016_womens_008,embellishment,applique_patches,0.3287
gucci_fall_2016_womens_009,silhouette,mini_length,0.3839
gucci_fall_2016_womens_009,neckline_collar,peter_pan_collar,0.6926
gucci_fall_2016_womens_009,fabric_texture,cotton_jersey,0.2888
gucci_fall_2016_womens_009,pattern,psychedelic_geometric,0.2263
gucci_fall_2016_womens_009,embellishment,statement_bow,0.5188
gucci_fall_2016_womens_010,silhouette,maxi_length,0.5703
gucci_fall_2016_womens_010,neckline_collar,plunging_neckline,0.7608
gucci_fall_2016_womens_010,fabric_texture,lace,0.5667
gucci_fall_2016_womens_010,pattern,solid_no_pattern,0.2776
gucci_fall_2016_womens_010,embellishment,crystal_rhinestone,0.3141
gucci_fall_2016_womens_011,silhouette,mini_length,0.7866
gucci_fall_2016_womens_011,neckline_collar,peter_pan_collar,0.2663
gucci_fall_2016_womens_011,fabric_texture,sequined_metallic,0.9133
gucci_fall_2016_womens_011,pattern,animal_print,0.3137
gucci_fall_2016_womens_011,embellishment,crystal_rhinestone,0.666
gucci_fall_2016_womens_012,silhouette,mini_length,0.2732
gucci_fall_2016_womens_012,neckline_collar,plunging_neckline,0.2541
gucci_fall_2016_womens_012,fabric_texture,lace,0.4812
gucci_fall_2016_womens_012,pattern,floral_print,0.3554
gucci_fall_2016_womens_012,embellishment,embroidery,0.3014
gucci_fall_2016_womens_013,silhouette,maxi_length,0.4941
gucci_fall_2016_womens_013,neckline_collar,plunging_neckline,0.697
gucci_fall_2016_womens_013,fabric_texture,lace,0.5539
gucci_fall_2016_womens_013,pattern,floral_print,0.8606
gucci_fall_2016_womens_013,embellishment,embroidery,0.6539
gucci_fall_2016_womens_014,silhouette,maxi_length,0.4885
gucci_fall_2016_womens_014,neckline_collar,plunging_neckline,0.5537
gucci_fall_2016_womens_014,fabric_texture,lace,0.5682
gucci_fall_2016_womens_014,pattern,floral_print,0.2795
gucci_fall_2016_womens_014,embellishment,crystal_rhinestone,0.469
gucci_spring_2017_mens_001,silhouette,mini_length,0.3105
gucci_spring_2017_mens_001,neckline_collar,peter_pan_collar,0.3759
gucci_spring_2017_mens_001,fabric_texture,cotton_jersey,0.294
gucci_spring_2017_mens_001,pattern,polka_dot,0.2898
gucci_spring_2017_mens_001,embellishment,embroidery,0.3035
gucci_spring_2017_mens_002,silhouette,casual_relaxed,0.3214
gucci_spring_2017_mens_002,neckline_collar,peter_pan_collar,0.4753
gucci_spring_2017_mens_002,fabric_texture,leather,0.3198
gucci_spring_2017_mens_002,pattern,logo_monogram,0.5113
gucci_spring_2017_mens_002,embellishment,applique_patches,0.3801
gucci_spring_2017_mens_003,silhouette,casual_relaxed,0.3653
gucci_spring_2017_mens_003,neckline_collar,classic_shirt_collar,0.3522
gucci_spring_2017_mens_003,fabric_texture,cotton_jersey,0.5722
gucci_spring_2017_mens_003,pattern,graphic_print,0.4963
gucci_spring_2017_mens_003,embellishment,oversized_eyewear,0.4398
gucci_spring_2017_mens_004,silhouette,structured_tailored,0.7031
gucci_spring_2017_mens_004,neckline_collar,classic_shirt_collar,0.4842
gucci_spring_2017_mens_004,fabric_texture,leather,0.3571
gucci_spring_2017_mens_004,pattern,animal_print,0.2118
gucci_spring_2017_mens_004,embellishment,statement_bow,0.263
gucci_spring_2017_mens_005,silhouette,maxi_length,0.3115
gucci_spring_2017_mens_005,neckline_collar,pussy_bow,0.4094
gucci_spring_2017_mens_005,fabric_texture,brocade_jacquard,0.2376
gucci_spring_2017_mens_005,pattern,striped,0.373
gucci_spring_2017_mens_005,embellishment,crystal_rhinestone,0.2419
gucci_spring_2017_mens_006,silhouette,seventies_flared,0.2382
gucci_spring_2017_mens_006,neckline_collar,pussy_bow,0.3086
gucci_spring_2017_mens_006,fabric_texture,faux_fur_trim,0.3215
gucci_spring_2017_mens_006,pattern,logo_monogram,0.5341
gucci_spring_2017_mens_006,embellishment,applique_patches,0.5008
gucci_spring_2017_mens_007,silhouette,structured_tailored,0.3781
gucci_spring_2017_mens_007,neckline_collar,classic_shirt_collar,0.5192
gucci_spring_2017_mens_007,fabric_texture,leather,0.7858
gucci_spring_2017_mens_007,pattern,polka_dot,0.2308
gucci_spring_2017_mens_007,embellishment,crystal_rhinestone,0.2418
gucci_spring_2017_mens_008,silhouette,structured_tailored,0.3471
gucci_spring_2017_mens_008,neckline_collar,classic_shirt_collar,0.6081
gucci_spring_2017_mens_008,fabric_texture,cotton_jersey,0.2712
gucci_spring_2017_mens_008,pattern,floral_print,0.4223
gucci_spring_2017_mens_008,embellishment,applique_patches,0.3364
gucci_spring_2017_mens_009,silhouette,structured_tailored,0.827
gucci_spring_2017_mens_009,neckline_collar,pussy_bow,0.2833
gucci_spring_2017_mens_009,fabric_texture,cotton_jersey,0.2391
gucci_spring_2017_mens_009,pattern,polka_dot,0.248
gucci_spring_2017_mens_009,embellishment,oversized_eyewear,0.4098
gucci_spring_2017_mens_010,silhouette,layered_eclectic,0.2637
gucci_spring_2017_mens_010,neckline_collar,turtleneck,0.5392
gucci_spring_2017_mens_010,fabric_texture,leather,0.364
gucci_spring_2017_mens_010,pattern,striped,0.3084
gucci_spring_2017_mens_010,embellishment,applique_patches,0.3713
gucci_spring_2017_mens_011,silhouette,mini_length,0.2436
gucci_spring_2017_mens_011,neckline_collar,peter_pan_collar,0.3077
gucci_spring_2017_mens_011,fabric_texture,cotton_jersey,0.2567
gucci_spring_2017_mens_011,pattern,floral_print,0.4322
gucci_spring_2017_mens_011,embellishment,applique_patches,0.4049
gucci_spring_2017_mens_012,silhouette,structured_tailored,0.678
gucci_spring_2017_mens_012,neckline_collar,peter_pan_collar,0.5094
gucci_spring_2017_mens_012,fabric_texture,velvet,0.2426
gucci_spring_2017_mens_012,pattern,logo_monogram,0.4224
gucci_spring_2017_mens_012,embellishment,applique_patches,0.2839
gucci_spring_2017_womens_001,silhouette,structured_tailored,0.264
gucci_spring_2017_womens_001,neckline_collar,classic_shirt_collar,0.3518
gucci_spring_2017_womens_001,fabric_texture,leather,0.6066
gucci_spring_2017_womens_001,pattern,polka_dot,0.3792
gucci_spring_2017_womens_001,embellishment,oversized_eyewear,0.5454
gucci_spring_2017_womens_002,silhouette,maxi_length,0.506
gucci_spring_2017_womens_002,neckline_collar,plunging_neckline,0.5424
gucci_spring_2017_womens_002,fabric_texture,lace,0.2984
gucci_spring_2017_womens_002,pattern,floral_print,0.5309
gucci_spring_2017_womens_002,embellishment,crystal_rhinestone,0.3572
gucci_spring_2017_womens_003,silhouette,mini_length,0.3764
gucci_spring_2017_womens_003,neckline_collar,plunging_neckline,0.4411
gucci_spring_2017_womens_003,fabric_texture,lace,0.5748
gucci_spring_2017_womens_003,pattern,solid_no_pattern,0.3266
gucci_spring_2017_womens_003,embellishment,crystal_rhinestone,0.5526
gucci_spring_2017_womens_004,silhouette,maxi_length,0.4604
gucci_spring_2017_womens_004,neckline_collar,pussy_bow,0.3923
gucci_spring_2017_womens_004,fabric_texture,sequined_metallic,0.3816
gucci_spring_2017_womens_004,pattern,animal_print,0.6034
gucci_spring_2017_womens_004,embellishment,crystal_rhinestone,0.4297
gucci_spring_2017_womens_005,silhouette,maxi_length,0.6747
gucci_spring_2017_womens_005,neckline_collar,plunging_neckline,0.4781
gucci_spring_2017_womens_005,fabric_texture,silk,0.2678
gucci_spring_2017_womens_005,pattern,psychedelic_geometric,0.4781
gucci_spring_2017_womens_005,embellishment,crystal_rhinestone,0.3427
gucci_spring_2017_womens_006,silhouette,mini_length,0.4988
gucci_spring_2017_womens_006,neckline_collar,peter_pan_collar,0.3978
gucci_spring_2017_womens_006,fabric_texture,leather,0.3545
gucci_spring_2017_womens_006,pattern,polka_dot,0.3108
gucci_spring_2017_womens_006,embellishment,oversized_eyewear,0.5126
gucci_spring_2017_womens_007,silhouette,romantic_bohemian,0.5435
gucci_spring_2017_womens_007,neckline_collar,plunging_neckline,0.5987
gucci_spring_2017_womens_007,fabric_texture,sequined_metallic,0.5361
gucci_spring_2017_womens_007,pattern,graphic_print,0.288
gucci_spring_2017_womens_007,embellishment,crystal_rhinestone,0.4445
gucci_spring_2017_womens_008,silhouette,maxi_length,0.3203
gucci_spring_2017_womens_008,neckline_collar,ruffled_high_collar,0.2839
gucci_spring_2017_womens_008,fabric_texture,velvet,0.396
gucci_spring_2017_womens_008,pattern,animal_print,0.3316
gucci_spring_2017_womens_008,embellishment,statement_bow,0.5403
gucci_spring_2017_womens_009,silhouette,maxi_length,0.8785
gucci_spring_2017_womens_009,neckline_collar,plunging_neckline,0.372
gucci_spring_2017_womens_009,fabric_texture,sequined_metallic,0.824
gucci_spring_2017_womens_009,pattern,animal_print,0.4474
gucci_spring_2017_womens_009,embellishment,crystal_rhinestone,0.7672
gucci_spring_2017_womens_010,silhouette,mini_length,0.2437
gucci_spring_2017_womens_010,neckline_collar,plunging_neckline,0.3904
gucci_spring_2017_womens_010,fabric_texture,sequined_metallic,0.6197
gucci_spring_2017_womens_010,pattern,animal_print,0.7217
gucci_spring_2017_womens_010,embellishment,crystal_rhinestone,0.6014
gucci_spring_2017_womens_011,silhouette,romantic_bohemian,0.6197
gucci_spring_2017_womens_011,neckline_collar,plunging_neckline,0.3355
gucci_spring_2017_womens_011,fabric_texture,lace,0.6038
gucci_spring_2017_womens_011,pattern,floral_print,0.8115
gucci_spring_2017_womens_011,embellishment,embroidery,0.5252
gucci_spring_2017_womens_012,silhouette,maxi_length,0.4413
gucci_spring_2017_womens_012,neckline_collar,plunging_neckline,0.6207
gucci_spring_2017_womens_012,fabric_texture,lace,0.2989
gucci_spring_2017_womens_012,pattern,floral_print,0.5521
gucci_spring_2017_womens_012,embellishment,oversized_eyewear,0.3948
gucci_spring_2017_womens_013,silhouette,romantic_bohemian,0.3676
gucci_spring_2017_womens_013,neckline_collar,ruffled_high_collar,0.3978
gucci_spring_2017_womens_013,fabric_texture,lace,0.6512
gucci_spring_2017_womens_013,pattern,floral_print,0.4786
gucci_spring_2017_womens_013,embellishment,pearls,0.3303
gucci_spring_2017_womens_014,silhouette,maxi_length,0.3238
gucci_spring_2017_womens_014,neckline_collar,pussy_bow,0.7519
gucci_spring_2017_womens_014,fabric_texture,lace,0.1901
gucci_spring_2017_womens_014,pattern,floral_print,0.3579
gucci_spring_2017_womens_014,embellishment,oversized_eyewear,0.3815
gucci_fall_2017_mens_001,silhouette,layered_eclectic,0.6438
gucci_fall_2017_mens_001,neckline_collar,peter_pan_collar,0.3354
gucci_fall_2017_mens_001,fabric_texture,brocade_jacquard,0.2567
gucci_fall_2017_mens_001,pattern,psychedelic_geometric,0.5716
gucci_fall_2017_mens_001,embellishment,applique_patches,0.477
gucci_fall_2017_mens_002,silhouette,structured_tailored,0.3607
gucci_fall_2017_mens_002,neckline_collar,classic_shirt_collar,0.2017
gucci_fall_2017_mens_002,fabric_texture,velvet,0.3418
gucci_fall_2017_mens_002,pattern,psychedelic_geometric,0.2383
gucci_fall_2017_mens_002,embellishment,statement_bow,0.2892
gucci_fall_2017_mens_003,silhouette,layered_eclectic,0.3476
gucci_fall_2017_mens_003,neckline_collar,peter_pan_collar,0.4375
gucci_fall_2017_mens_003,fabric_texture,cotton_jersey,0.2584
gucci_fall_2017_mens_003,pattern,striped,0.4129
gucci_fall_2017_mens_003,embellishment,applique_patches,0.3368
gucci_fall_2017_mens_004,silhouette,maxi_length,0.1956
gucci_fall_2017_mens_004,neckline_collar,peter_pan_collar,0.2888
gucci_fall_2017_mens_004,fabric_texture,leather,0.4683
gucci_fall_2017_mens_004,pattern,logo_monogram,0.26
gucci_fall_2017_mens_004,embellishment,statement_bow,0.3431
gucci_fall_2017_mens_005,silhouette,structured_tailored,0.2432
gucci_fall_2017_mens_005,neckline_collar,pussy_bow,0.2998
gucci_fall_2017_mens_005,fabric_texture,lace,0.3378
gucci_fall_2017_mens_005,pattern,striped,0.3816
gucci_fall_2017_mens_005,embellishment,oversized_eyewear,0.5475
gucci_fall_2017_mens_006,silhouette,mini_length,0.5629
gucci_fall_2017_mens_006,neckline_collar,classic_shirt_collar,0.2771
gucci_fall_2017_mens_006,fabric_texture,leather,0.2965
gucci_fall_2017_mens_006,pattern,floral_print,0.1792
gucci_fall_2017_mens_006,embellishment,embroidery,0.3154
gucci_fall_2017_mens_007,silhouette,structured_tailored,0.6937
gucci_fall_2017_mens_007,neckline_collar,classic_shirt_collar,0.5619
gucci_fall_2017_mens_007,fabric_texture,brocade_jacquard,0.2205
gucci_fall_2017_mens_007,pattern,polka_dot,0.5167
gucci_fall_2017_mens_007,embellishment,statement_bow,0.2966
gucci_fall_2017_mens_008,silhouette,maxi_length,0.3355
gucci_fall_2017_mens_008,neckline_collar,turtleneck,0.2704
gucci_fall_2017_mens_008,fabric_texture,faux_fur_trim,0.6566
gucci_fall_2017_mens_008,pattern,solid_no_pattern,0.2984
gucci_fall_2017_mens_008,embellishment,statement_bow,0.3182
gucci_fall_2017_mens_009,silhouette,layered_eclectic,0.2355
gucci_fall_2017_mens_009,neckline_collar,classic_shirt_collar,0.3347
gucci_fall_2017_mens_009,fabric_texture,cotton_jersey,0.1942
gucci_fall_2017_mens_009,pattern,polka_dot,0.2603
gucci_fall_2017_mens_009,embellishment,oversized_eyewear,0.4207
gucci_fall_2017_mens_010,silhouette,layered_eclectic,0.463
gucci_fall_2017_mens_010,neckline_collar,pussy_bow,0.4039
gucci_fall_2017_mens_010,fabric_texture,faux_fur_trim,0.4185
gucci_fall_2017_mens_010,pattern,psychedelic_geometric,0.2253
gucci_fall_2017_mens_010,embellishment,applique_patches,0.551
gucci_fall_2017_mens_011,silhouette,structured_tailored,0.4153
gucci_fall_2017_mens_011,neckline_collar,pussy_bow,0.5762
gucci_fall_2017_mens_011,fabric_texture,sequined_metallic,0.2544
gucci_fall_2017_mens_011,pattern,polka_dot,0.679
gucci_fall_2017_mens_011,embellishment,statement_bow,0.2534
gucci_fall_2017_mens_012,silhouette,casual_relaxed,0.3792
gucci_fall_2017_mens_012,neckline_collar,crew_neckline,0.5092
gucci_fall_2017_mens_012,fabric_texture,sequined_metallic,0.5865
gucci_fall_2017_mens_012,pattern,graphic_print,0.3601
gucci_fall_2017_mens_012,embellishment,applique_patches,0.3978
gucci_fall_2017_mens_013,silhouette,mini_length,0.3817
gucci_fall_2017_mens_013,neckline_collar,peter_pan_collar,0.724
gucci_fall_2017_mens_013,fabric_texture,faux_fur_trim,0.3828
gucci_fall_2017_mens_013,pattern,logo_monogram,0.3657
gucci_fall_2017_mens_013,embellishment,applique_patches,0.3257
gucci_fall_2017_mens_014,silhouette,layered_eclectic,0.2622
gucci_fall_2017_mens_014,neckline_collar,pussy_bow,0.3623
gucci_fall_2017_mens_014,fabric_texture,lace,0.2991
gucci_fall_2017_mens_014,pattern,floral_print,0.4151
gucci_fall_2017_mens_014,embellishment,oversized_eyewear,0.6784
gucci_fall_2017_womens_001,silhouette,layered_eclectic,0.3404
gucci_fall_2017_womens_001,neckline_collar,crew_neckline,0.2485
gucci_fall_2017_womens_001,fabric_texture,sequined_metallic,0.5176
gucci_fall_2017_womens_001,pattern,psychedelic_geometric,0.5687
gucci_fall_2017_womens_001,embellishment,crystal_rhinestone,0.3176
gucci_fall_2017_womens_002,silhouette,maxi_length,0.4298
gucci_fall_2017_womens_002,neckline_collar,ruffled_high_collar,0.473
gucci_fall_2017_womens_002,fabric_texture,faux_fur_trim,0.6114
gucci_fall_2017_womens_002,pattern,psychedelic_geometric,0.2073
gucci_fall_2017_womens_002,embellishment,statement_bow,0.4361
gucci_fall_2017_womens_003,silhouette,maxi_length,0.5399
gucci_fall_2017_womens_003,neckline_collar,turtleneck,0.2715
gucci_fall_2017_womens_003,fabric_texture,faux_fur_trim,0.7681
gucci_fall_2017_womens_003,pattern,logo_monogram,0.2585
gucci_fall_2017_womens_003,embellishment,statement_bow,0.2219
gucci_fall_2017_womens_004,silhouette,layered_eclectic,0.2023
gucci_fall_2017_womens_004,neckline_collar,peter_pan_collar,0.4409
gucci_fall_2017_womens_004,fabric_texture,leather,0.3025
gucci_fall_2017_womens_004,pattern,striped,0.585
gucci_fall_2017_womens_004,embellishment,applique_patches,0.286
gucci_fall_2017_womens_005,silhouette,romantic_bohemian,0.3413
gucci_fall_2017_womens_005,neckline_collar,ruffled_high_collar,0.5107
gucci_fall_2017_womens_005,fabric_texture,sequined_metallic,0.3408
gucci_fall_2017_womens_005,pattern,floral_print,0.5885
gucci_fall_2017_womens_005,embellishment,embroidery,0.2381
gucci_fall_2017_womens_006,silhouette,layered_eclectic,0.4555
gucci_fall_2017_womens_006,neckline_collar,peter_pan_collar,0.3344
gucci_fall_2017_womens_006,fabric_texture,brocade_jacquard,0.3053
gucci_fall_2017_womens_006,pattern,floral_print,0.4683
gucci_fall_2017_womens_006,embellishment,applique_patches,0.3625
gucci_fall_2017_womens_007,silhouette,maxi_length,0.4636
gucci_fall_2017_womens_007,neckline_collar,plunging_neckline,0.3599
gucci_fall_2017_womens_007,fabric_texture,brocade_jacquard,0.294
gucci_fall_2017_womens_007,pattern,floral_print,0.505
gucci_fall_2017_womens_007,embellishment,embroidery,0.2541
gucci_fall_2017_womens_008,silhouette,layered_eclectic,0.2127
gucci_fall_2017_womens_008,neckline_collar,peter_pan_collar,0.451
gucci_fall_2017_womens_008,fabric_texture,brocade_jacquard,0.2334
gucci_fall_2017_womens_008,pattern,striped,0.4803
gucci_fall_2017_womens_008,embellishment,statement_bow,0.5103
gucci_fall_2017_womens_009,silhouette,layered_eclectic,0.5342
gucci_fall_2017_womens_009,neckline_collar,peter_pan_collar,0.4621
gucci_fall_2017_womens_009,fabric_texture,sequined_metallic,0.3232
gucci_fall_2017_womens_009,pattern,floral_print,0.4563
gucci_fall_2017_womens_009,embellishment,applique_patches,0.2875
gucci_fall_2017_womens_010,silhouette,romantic_bohemian,0.2428
gucci_fall_2017_womens_010,neckline_collar,peter_pan_collar,0.3425
gucci_fall_2017_womens_010,fabric_texture,brocade_jacquard,0.2401
gucci_fall_2017_womens_010,pattern,floral_print,0.6897
gucci_fall_2017_womens_010,embellishment,applique_patches,0.2617
gucci_fall_2017_womens_011,silhouette,maxi_length,0.3393
gucci_fall_2017_womens_011,neckline_collar,peter_pan_collar,0.3841
gucci_fall_2017_womens_011,fabric_texture,faux_fur_trim,0.4811
gucci_fall_2017_womens_011,pattern,striped,0.2707
gucci_fall_2017_womens_011,embellishment,statement_bow,0.3328
gucci_fall_2017_womens_012,silhouette,layered_eclectic,0.4689
gucci_fall_2017_womens_012,neckline_collar,peter_pan_collar,0.3611
gucci_fall_2017_womens_012,fabric_texture,sequined_metallic,0.3274
gucci_fall_2017_womens_012,pattern,psychedelic_geometric,0.6494
gucci_fall_2017_womens_012,embellishment,oversized_eyewear,0.8873
gucci_fall_2017_womens_013,silhouette,layered_eclectic,0.2352
gucci_fall_2017_womens_013,neckline_collar,crew_neckline,0.2213
gucci_fall_2017_womens_013,fabric_texture,sequined_metallic,0.2677
gucci_fall_2017_womens_013,pattern,polka_dot,0.2636
gucci_fall_2017_womens_013,embellishment,oversized_eyewear,0.4993
gucci_fall_2017_womens_014,silhouette,maxi_length,0.3714
gucci_fall_2017_womens_014,neckline_collar,plunging_neckline,0.3066
gucci_fall_2017_womens_014,fabric_texture,brocade_jacquard,0.3597
gucci_fall_2017_womens_014,pattern,floral_print,0.3386
gucci_fall_2017_womens_014,embellishment,embroidery,0.5463
gucci_spring_2018_mens_001,silhouette,mini_length,0.5365
gucci_spring_2018_mens_001,neckline_collar,classic_shirt_collar,0.4649
gucci_spring_2018_mens_001,fabric_texture,cotton_jersey,0.3953
gucci_spring_2018_mens_001,pattern,polka_dot,0.2478
gucci_spring_2018_mens_001,embellishment,oversized_eyewear,0.7848
gucci_spring_2018_mens_002,silhouette,structured_tailored,0.3857
gucci_spring_2018_mens_002,neckline_collar,classic_shirt_collar,0.2872
gucci_spring_2018_mens_002,fabric_texture,faux_fur_trim,0.5784
gucci_spring_2018_mens_002,pattern,solid_no_pattern,0.3721
gucci_spring_2018_mens_002,embellishment,oversized_eyewear,0.9042
gucci_spring_2018_mens_003,silhouette,structured_tailored,0.9421
gucci_spring_2018_mens_003,neckline_collar,classic_shirt_collar,0.6948
gucci_spring_2018_mens_003,fabric_texture,leather,0.3256
gucci_spring_2018_mens_003,pattern,polka_dot,0.2945
gucci_spring_2018_mens_003,embellishment,oversized_eyewear,0.9737
gucci_spring_2018_mens_004,silhouette,casual_relaxed,0.4338
gucci_spring_2018_mens_004,neckline_collar,classic_shirt_collar,0.4519
gucci_spring_2018_mens_004,fabric_texture,cotton_jersey,0.2464
gucci_spring_2018_mens_004,pattern,graphic_print,0.4342
gucci_spring_2018_mens_004,embellishment,embroidery,0.3976
gucci_spring_2018_mens_005,silhouette,structured_tailored,0.2965
gucci_spring_2018_mens_005,neckline_collar,pussy_bow,0.304
gucci_spring_2018_mens_005,fabric_texture,faux_fur_trim,0.1988
gucci_spring_2018_mens_005,pattern,psychedelic_geometric,0.3467
gucci_spring_2018_mens_005,embellishment,oversized_eyewear,0.8577
gucci_spring_2018_mens_006,silhouette,structured_tailored,0.7563
gucci_spring_2018_mens_006,neckline_collar,turtleneck,0.3657
gucci_spring_2018_mens_006,fabric_texture,velvet,0.3077
gucci_spring_2018_mens_006,pattern,solid_no_pattern,0.4569
gucci_spring_2018_mens_006,embellishment,oversized_eyewear,0.6763
gucci_spring_2018_mens_007,silhouette,structured_tailored,0.3828
gucci_spring_2018_mens_007,neckline_collar,classic_shirt_collar,0.5443
gucci_spring_2018_mens_007,fabric_texture,leather,0.3855
gucci_spring_2018_mens_007,pattern,solid_no_pattern,0.2852
gucci_spring_2018_mens_007,embellishment,oversized_eyewear,0.7972
gucci_spring_2018_mens_008,silhouette,romantic_bohemian,0.3094
gucci_spring_2018_mens_008,neckline_collar,crew_neckline,0.4173
gucci_spring_2018_mens_008,fabric_texture,cotton_jersey,0.3139
gucci_spring_2018_mens_008,pattern,solid_no_pattern,0.5042
gucci_spring_2018_mens_008,embellishment,statement_bow,0.3993
gucci_spring_2018_mens_009,silhouette,structured_tailored,0.6878
gucci_spring_2018_mens_009,neckline_collar,pussy_bow,0.3836
gucci_spring_2018_mens_009,fabric_texture,leather,0.2874
gucci_spring_2018_mens_009,pattern,solid_no_pattern,0.3892
gucci_spring_2018_mens_009,embellishment,oversized_eyewear,0.5974
gucci_spring_2018_mens_010,silhouette,structured_tailored,0.7788
gucci_spring_2018_mens_010,neckline_collar,classic_shirt_collar,0.3744
gucci_spring_2018_mens_010,fabric_texture,leather,0.341
gucci_spring_2018_mens_010,pattern,polka_dot,0.3674
gucci_spring_2018_mens_010,embellishment,oversized_eyewear,0.8575
gucci_spring_2018_mens_011,silhouette,mini_length,0.3587
gucci_spring_2018_mens_011,neckline_collar,classic_shirt_collar,0.6268
gucci_spring_2018_mens_011,fabric_texture,brocade_jacquard,0.1959
gucci_spring_2018_mens_011,pattern,polka_dot,0.2969
gucci_spring_2018_mens_011,embellishment,applique_patches,0.2602
gucci_spring_2018_mens_012,silhouette,structured_tailored,0.9637
gucci_spring_2018_mens_012,neckline_collar,classic_shirt_collar,0.8031
gucci_spring_2018_mens_012,fabric_texture,leather,0.351
gucci_spring_2018_mens_012,pattern,solid_no_pattern,0.3482
gucci_spring_2018_mens_012,embellishment,oversized_eyewear,0.8646
gucci_spring_2018_mens_013,silhouette,structured_tailored,0.2146
gucci_spring_2018_mens_013,neckline_collar,turtleneck,0.2709
gucci_spring_2018_mens_013,fabric_texture,brocade_jacquard,0.3162
gucci_spring_2018_mens_013,pattern,polka_dot,0.2818
gucci_spring_2018_mens_013,embellishment,applique_patches,0.3789
gucci_spring_2018_mens_014,silhouette,maxi_length,0.3329
gucci_spring_2018_mens_014,neckline_collar,plunging_neckline,0.2279
gucci_spring_2018_mens_014,fabric_texture,faux_fur_trim,0.2897
gucci_spring_2018_mens_014,pattern,striped,0.3123
gucci_spring_2018_mens_014,embellishment,statement_bow,0.3288
gucci_spring_2018_mens_015,silhouette,casual_relaxed,0.2957
gucci_spring_2018_mens_015,neckline_collar,classic_shirt_collar,0.5025
gucci_spring_2018_mens_015,fabric_texture,cotton_jersey,0.2405
gucci_spring_2018_mens_015,pattern,graphic_print,0.3041
gucci_spring_2018_mens_015,embellishment,applique_patches,0.3009
gucci_spring_2018_mens_016,silhouette,seventies_flared,0.2365
gucci_spring_2018_mens_016,neckline_collar,pussy_bow,0.3968
gucci_spring_2018_mens_016,fabric_texture,cotton_jersey,0.2004
gucci_spring_2018_mens_016,pattern,striped,0.2912
gucci_spring_2018_mens_016,embellishment,oversized_eyewear,0.6695
gucci_spring_2018_womens_001,silhouette,casual_relaxed,0.2599
gucci_spring_2018_womens_001,neckline_collar,peter_pan_collar,0.2366
gucci_spring_2018_womens_001,fabric_texture,leather,0.4249
gucci_spring_2018_womens_001,pattern,logo_monogram,0.5975
gucci_spring_2018_womens_001,embellishment,applique_patches,0.5079
gucci_spring_2018_womens_002,silhouette,romantic_bohemian,0.2527
gucci_spring_2018_womens_002,neckline_collar,ruffled_high_collar,0.2308
gucci_spring_2018_womens_002,fabric_texture,faux_fur_trim,0.3329
gucci_spring_2018_womens_002,pattern,animal_print,0.2383
gucci_spring_2018_womens_002,embellishment,oversized_eyewear,0.7007
gucci_spring_2018_womens_003,silhouette,mini_length,0.4494
gucci_spring_2018_womens_003,neckline_collar,peter_pan_collar,0.4483
gucci_spring_2018_womens_003,fabric_texture,sequined_metallic,0.2746
gucci_spring_2018_womens_003,pattern,psychedelic_geometric,0.4855
gucci_spring_2018_womens_003,embellishment,applique_patches,0.2953
gucci_spring_2018_womens_004,silhouette,romantic_bohemian,0.2239
gucci_spring_2018_womens_004,neckline_collar,peter_pan_collar,0.2182
gucci_spring_2018_womens_004,fabric_texture,faux_fur_trim,0.5546
gucci_spring_2018_womens_004,pattern,solid_no_pattern,0.2765
gucci_spring_2018_womens_004,embellishment,statement_bow,0.295
gucci_spring_2018_womens_005,silhouette,layered_eclectic,0.2582
gucci_spring_2018_womens_005,neckline_collar,pussy_bow,0.3252
gucci_spring_2018_womens_005,fabric_texture,sequined_metallic,0.3498
gucci_spring_2018_womens_005,pattern,animal_print,0.3288
gucci_spring_2018_womens_005,embellishment,oversized_eyewear,0.2179
gucci_spring_2018_womens_006,silhouette,mini_length,0.4945
gucci_spring_2018_womens_006,neckline_collar,peter_pan_collar,0.5882
gucci_spring_2018_womens_006,fabric_texture,lace,0.5826
gucci_spring_2018_womens_006,pattern,polka_dot,0.3294
gucci_spring_2018_womens_006,embellishment,embroidery,0.4733
gucci_spring_2018_womens_007,silhouette,mini_length,0.4461
gucci_spring_2018_womens_007,neckline_collar,peter_pan_collar,0.2799
gucci_spring_2018_womens_007,fabric_texture,lace,0.3908
gucci_spring_2018_womens_007,pattern,solid_no_pattern,0.2778
gucci_spring_2018_womens_007,embellishment,pearls,0.4119
gucci_spring_2018_womens_008,silhouette,romantic_bohemian,0.3813
gucci_spring_2018_womens_008,neckline_collar,plunging_neckline,0.3529
gucci_spring_2018_womens_008,fabric_texture,faux_fur_trim,0.8973
gucci_spring_2018_womens_008,pattern,animal_print,0.4759
gucci_spring_2018_womens_008,embellishment,pearls,0.2255
gucci_spring_2018_womens_009,silhouette,layered_eclectic,0.521
gucci_spring_2018_womens_009,neckline_collar,peter_pan_collar,0.3082
gucci_spring_2018_womens_009,fabric_texture,sequined_metallic,0.362
gucci_spring_2018_womens_009,pattern,floral_print,0.3463
gucci_spring_2018_womens_009,embellishment,embroidery,0.2809
gucci_spring_2018_womens_010,silhouette,maxi_length,0.3474
gucci_spring_2018_womens_010,neckline_collar,pussy_bow,0.2681
gucci_spring_2018_womens_010,fabric_texture,silk,0.2857
gucci_spring_2018_womens_010,pattern,floral_print,0.3678
gucci_spring_2018_womens_010,embellishment,embroidery,0.2645
gucci_spring_2018_womens_011,silhouette,structured_tailored,0.6797
gucci_spring_2018_womens_011,neckline_collar,ruffled_high_collar,0.3642
gucci_spring_2018_womens_011,fabric_texture,leather,0.3791
gucci_spring_2018_womens_011,pattern,striped,0.29
gucci_spring_2018_womens_011,embellishment,statement_bow,0.3644
gucci_spring_2018_womens_012,silhouette,romantic_bohemian,0.3716
gucci_spring_2018_womens_012,neckline_collar,plunging_neckline,0.8208
gucci_spring_2018_womens_012,fabric_texture,lace,0.5589
gucci_spring_2018_womens_012,pattern,graphic_print,0.2206
gucci_spring_2018_womens_012,embellishment,crystal_rhinestone,0.3727
gucci_spring_2018_womens_013,silhouette,romantic_bohemian,0.7027
gucci_spring_2018_womens_013,neckline_collar,plunging_neckline,0.4569
gucci_spring_2018_womens_013,fabric_texture,lace,0.8471
gucci_spring_2018_womens_013,pattern,floral_print,0.371
gucci_spring_2018_womens_013,embellishment,crystal_rhinestone,0.3966
gucci_spring_2018_womens_014,silhouette,maxi_length,0.2969
gucci_spring_2018_womens_014,neckline_collar,pussy_bow,0.4903
gucci_spring_2018_womens_014,fabric_texture,sequined_metallic,0.4053
gucci_spring_2018_womens_014,pattern,animal_print,0.2769
gucci_spring_2018_womens_014,embellishment,layered_jewelry,0.3475
gucci_spring_2018_womens_015,silhouette,maxi_length,0.4487
gucci_spring_2018_womens_015,neckline_collar,plunging_neckline,0.4324
gucci_spring_2018_womens_015,fabric_texture,velvet,0.2783
gucci_spring_2018_womens_015,pattern,solid_no_pattern,0.4538
gucci_spring_2018_womens_015,embellishment,pearls,0.4456
gucci_fall_2018_mens_001,silhouette,mini_length,0.6881
gucci_fall_2018_mens_001,neckline_collar,peter_pan_collar,0.6331
gucci_fall_2018_mens_001,fabric_texture,cotton_jersey,0.3072
gucci_fall_2018_mens_001,pattern,striped,0.6456
gucci_fall_2018_mens_001,embellishment,applique_patches,0.3372
gucci_fall_2018_mens_002,silhouette,structured_tailored,0.7543
gucci_fall_2018_mens_002,neckline_collar,classic_shirt_collar,0.7897
gucci_fall_2018_mens_002,fabric_texture,cotton_jersey,0.3585
gucci_fall_2018_mens_002,pattern,striped,0.7034
gucci_fall_2018_mens_002,embellishment,oversized_eyewear,0.2808
gucci_fall_2018_mens_003,silhouette,structured_tailored,0.5914
gucci_fall_2018_mens_003,neckline_collar,classic_shirt_collar,0.7053
gucci_fall_2018_mens_003,fabric_texture,brocade_jacquard,0.3049
gucci_fall_2018_mens_003,pattern,psychedelic_geometric,0.4303
gucci_fall_2018_mens_003,embellishment,applique_patches,0.3089
gucci_fall_2018_mens_004,silhouette,structured_tailored,0.4674
gucci_fall_2018_mens_004,neckline_collar,crew_neckline,0.4443
gucci_fall_2018_mens_004,fabric_texture,silk,0.3612
gucci_fall_2018_mens_004,pattern,solid_no_pattern,0.7448
gucci_fall_2018_mens_004,embellishment,pearls,0.2929
gucci_fall_2018_mens_005,silhouette,seventies_flared,0.2097
gucci_fall_2018_mens_005,neckline_collar,classic_shirt_collar,0.3084
gucci_fall_2018_mens_005,fabric_texture,cotton_jersey,0.5652
gucci_fall_2018_mens_005,pattern,striped,0.4517
gucci_fall_2018_mens_005,embellishment,statement_bow,0.4309
gucci_fall_2018_mens_006,silhouette,structured_tailored,0.317
gucci_fall_2018_mens_006,neckline_collar,classic_shirt_collar,0.6983
gucci_fall_2018_mens_006,fabric_texture,cotton_jersey,0.5907
gucci_fall_2018_mens_006,pattern,floral_print,0.3189
gucci_fall_2018_mens_006,embellishment,oversized_eyewear,0.2526
gucci_fall_2018_mens_007,silhouette,layered_eclectic,0.3441
gucci_fall_2018_mens_007,neckline_collar,peter_pan_collar,0.3588
gucci_fall_2018_mens_007,fabric_texture,faux_fur_trim,0.4763
gucci_fall_2018_mens_007,pattern,psychedelic_geometric,0.2275
gucci_fall_2018_mens_007,embellishment,layered_jewelry,0.4336
gucci_fall_2018_mens_008,silhouette,seventies_flared,0.2453
gucci_fall_2018_mens_008,neckline_collar,pussy_bow,0.2552
gucci_fall_2018_mens_008,fabric_texture,cotton_jersey,0.318
gucci_fall_2018_mens_008,pattern,psychedelic_geometric,0.2286
gucci_fall_2018_mens_008,embellishment,applique_patches,0.2437
gucci_fall_2018_mens_009,silhouette,maxi_length,0.387
gucci_fall_2018_mens_009,neckline_collar,turtleneck,0.3837
gucci_fall_2018_mens_009,fabric_texture,faux_fur_trim,0.8376
gucci_fall_2018_mens_009,pattern,animal_print,0.4087
gucci_fall_2018_mens_009,embellishment,layered_jewelry,0.3866
gucci_fall_2018_mens_010,silhouette,maxi_length,0.3783
gucci_fall_2018_mens_010,neckline_collar,peter_pan_collar,0.4119
gucci_fall_2018_mens_010,fabric_texture,faux_fur_trim,0.4903
gucci_fall_2018_mens_010,pattern,polka_dot,0.5114
gucci_fall_2018_mens_010,embellishment,oversized_eyewear,0.372
gucci_fall_2018_mens_011,silhouette,oversized_boxy,0.478
gucci_fall_2018_mens_011,neckline_collar,peter_pan_collar,0.5289
gucci_fall_2018_mens_011,fabric_texture,faux_fur_trim,0.6963
gucci_fall_2018_mens_011,pattern,polka_dot,0.2604
gucci_fall_2018_mens_011,embellishment,statement_bow,0.5706
gucci_fall_2018_mens_012,silhouette,seventies_flared,0.2196
gucci_fall_2018_mens_012,neckline_collar,peter_pan_collar,0.4588
gucci_fall_2018_mens_012,fabric_texture,cotton_jersey,0.3257
gucci_fall_2018_mens_012,pattern,polka_dot,0.2344
gucci_fall_2018_mens_012,embellishment,oversized_eyewear,0.4277
gucci_fall_2018_mens_013,silhouette,maxi_length,0.3115
gucci_fall_2018_mens_013,neckline_collar,peter_pan_collar,0.277
gucci_fall_2018_mens_013,fabric_texture,faux_fur_trim,0.6397
gucci_fall_2018_mens_013,pattern,striped,0.4415
gucci_fall_2018_mens_013,embellishment,statement_bow,0.3942
gucci_fall_2018_mens_014,silhouette,mini_length,0.7028
gucci_fall_2018_mens_014,neckline_collar,peter_pan_collar,0.5603
gucci_fall_2018_mens_014,fabric_texture,faux_fur_trim,0.3459
gucci_fall_2018_mens_014,pattern,polka_dot,0.2466
gucci_fall_2018_mens_014,embellishment,oversized_eyewear,0.2402
gucci_fall_2018_mens_015,silhouette,oversized_boxy,0.2747
gucci_fall_2018_mens_015,neckline_collar,turtleneck,0.6835
gucci_fall_2018_mens_015,fabric_texture,leather,0.3559
gucci_fall_2018_mens_015,pattern,solid_no_pattern,0.2537
gucci_fall_2018_mens_015,embellishment,oversized_eyewear,0.5471
gucci_fall_2018_womens_001,silhouette,mini_length,0.3103
gucci_fall_2018_womens_001,neckline_collar,peter_pan_collar,0.6787
gucci_fall_2018_womens_001,fabric_texture,faux_fur_trim,0.4312
gucci_fall_2018_womens_001,pattern,psychedelic_geometric,0.3321
gucci_fall_2018_womens_001,embellishment,embroidery,0.2934
gucci_fall_2018_womens_002,silhouette,structured_tailored,0.4294
gucci_fall_2018_womens_002,neckline_collar,peter_pan_collar,0.3712
gucci_fall_2018_womens_002,fabric_texture,leather,0.3318
gucci_fall_2018_womens_002,pattern,polka_dot,0.2883
gucci_fall_2018_womens_002,embellishment,statement_bow,0.4172
gucci_fall_2018_womens_003,silhouette,maxi_length,0.4551
gucci_fall_2018_womens_003,neckline_collar,turtleneck,0.2235
gucci_fall_2018_womens_003,fabric_texture,lace,0.2337
gucci_fall_2018_womens_003,pattern,polka_dot,0.2251
gucci_fall_2018_womens_003,embellishment,embroidery,0.333
gucci_fall_2018_womens_004,silhouette,maxi_length,0.4631
gucci_fall_2018_womens_004,neckline_collar,plunging_neckline,0.7032
gucci_fall_2018_womens_004,fabric_texture,sequined_metallic,0.4592
gucci_fall_2018_womens_004,pattern,animal_print,0.4195
gucci_fall_2018_womens_004,embellishment,crystal_rhinestone,0.3249
gucci_fall_2018_womens_005,silhouette,maxi_length,0.4117
gucci_fall_2018_womens_005,neckline_collar,ruffled_high_collar,0.4053
gucci_fall_2018_womens_005,fabric_texture,faux_fur_trim,0.3983
gucci_fall_2018_womens_005,pattern,psychedelic_geometric,0.2409
gucci_fall_2018_womens_005,embellishment,oversized_eyewear,0.408
gucci_fall_2018_womens_006,silhouette,maxi_length,0.5766
gucci_fall_2018_womens_006,neckline_collar,ruffled_high_collar,0.3273
gucci_fall_2018_womens_006,fabric_texture,brocade_jacquard,0.3206
gucci_fall_2018_womens_006,pattern,floral_print,0.4914
gucci_fall_2018_womens_006,embellishment,layered_jewelry,0.8906
gucci_fall_2018_womens_007,silhouette,mini_length,0.4145
gucci_fall_2018_womens_007,neckline_collar,peter_pan_collar,0.574
gucci_fall_2018_womens_007,fabric_texture,lace,0.6199
gucci_fall_2018_womens_007,pattern,floral_print,0.4251
gucci_fall_2018_womens_007,embellishment,crystal_rhinestone,0.4571
gucci_fall_2018_womens_008,silhouette,mini_length,0.3264
gucci_fall_2018_womens_008,neckline_collar,peter_pan_collar,0.8347
gucci_fall_2018_womens_008,fabric_texture,faux_fur_trim,0.5966
gucci_fall_2018_womens_008,pattern,polka_dot,0.7742
gucci_fall_2018_womens_008,embellishment,statement_bow,0.3951
gucci_fall_2018_womens_009,silhouette,layered_eclectic,0.4556
gucci_fall_2018_womens_009,neckline_collar,peter_pan_collar,0.3137
gucci_fall_2018_womens_009,fabric_texture,sequined_metallic,0.2774
gucci_fall_2018_womens_009,pattern,polka_dot,0.2589
gucci_fall_2018_womens_009,embellishment,layered_jewelry,0.6474
gucci_fall_2018_womens_010,silhouette,layered_eclectic,0.3101
gucci_fall_2018_womens_010,neckline_collar,peter_pan_collar,0.2918
gucci_fall_2018_womens_010,fabric_texture,faux_fur_trim,0.6294
gucci_fall_2018_womens_010,pattern,psychedelic_geometric,0.2989
gucci_fall_2018_womens_010,embellishment,layered_jewelry,0.3411
gucci_fall_2018_womens_011,silhouette,maxi_length,0.4807
gucci_fall_2018_womens_011,neckline_collar,pussy_bow,0.3859
gucci_fall_2018_womens_011,fabric_texture,faux_fur_trim,0.5048
gucci_fall_2018_womens_011,pattern,animal_print,0.5116
gucci_fall_2018_womens_011,embellishment,statement_bow,0.2368
gucci_fall_2018_womens_012,silhouette,maxi_length,0.2708
gucci_fall_2018_womens_012,neckline_collar,ruffled_high_collar,0.3308
gucci_fall_2018_womens_012,fabric_texture,faux_fur_trim,0.5397
gucci_fall_2018_womens_012,pattern,floral_print,0.7942
gucci_fall_2018_womens_012,embellishment,embroidery,0.4249
gucci_fall_2018_womens_013,silhouette,layered_eclectic,0.3475
gucci_fall_2018_womens_013,neckline_collar,peter_pan_collar,0.2776
gucci_fall_2018_womens_013,fabric_texture,brocade_jacquard,0.2401
gucci_fall_2018_womens_013,pattern,psychedelic_geometric,0.3581
gucci_fall_2018_womens_013,embellishment,applique_patches,0.2889
gucci_fall_2018_womens_014,silhouette,oversized_boxy,0.2273
gucci_fall_2018_womens_014,neckline_collar,peter_pan_collar,0.2638
gucci_fall_2018_womens_014,fabric_texture,faux_fur_trim,0.467
gucci_fall_2018_womens_014,pattern,striped,0.2564
gucci_fall_2018_womens_014,embellishment,oversized_eyewear,0.7855
gucci_fall_2018_womens_015,silhouette,casual_relaxed,0.2732
gucci_fall_2018_womens_015,neckline_collar,crew_neckline,0.3575
gucci_fall_2018_womens_015,fabric_texture,velvet,0.2103
gucci_fall_2018_womens_015,pattern,floral_print,0.4758
gucci_fall_2018_womens_015,embellishment,embroidery,0.2511
gucci_spring_2019_mens_001,silhouette,structured_tailored,0.2641
gucci_spring_2019_mens_001,neckline_collar,classic_shirt_collar,0.5474
gucci_spring_2019_mens_001,fabric_texture,leather,0.6341
gucci_spring_2019_mens_001,pattern,solid_no_pattern,0.3197
gucci_spring_2019_mens_001,embellishment,statement_bow,0.194
gucci_spring_2019_mens_002,silhouette,casual_relaxed,0.4151
gucci_spring_2019_mens_002,neckline_collar,turtleneck,0.4173
gucci_spring_2019_mens_002,fabric_texture,cotton_jersey,0.5724
gucci_spring_2019_mens_002,pattern,solid_no_pattern,0.708
gucci_spring_2019_mens_002,embellishment,pearls,0.2678
gucci_spring_2019_mens_003,silhouette,structured_tailored,0.5945
gucci_spring_2019_mens_003,neckline_collar,classic_shirt_collar,0.3861
gucci_spring_2019_mens_003,fabric_texture,lace,0.2883
gucci_spring_2019_mens_003,pattern,solid_no_pattern,0.3661
gucci_spring_2019_mens_003,embellishment,pearls,0.2829
gucci_spring_2019_mens_004,silhouette,layered_eclectic,0.4027
gucci_spring_2019_mens_004,neckline_collar,turtleneck,0.4196
gucci_spring_2019_mens_004,fabric_texture,cotton_jersey,0.3521
gucci_spring_2019_mens_004,pattern,psychedelic_geometric,0.3574
gucci_spring_2019_mens_004,embellishment,applique_patches,0.6726
gucci_spring_2019_mens_005,silhouette,seventies_flared,0.281
gucci_spring_2019_mens_005,neckline_collar,classic_shirt_collar,0.5269
gucci_spring_2019_mens_005,fabric_texture,leather,0.2325
gucci_spring_2019_mens_005,pattern,solid_no_pattern,0.4021
gucci_spring_2019_mens_005,embellishment,embroidery,0.2533
gucci_spring_2019_mens_006,silhouette,layered_eclectic,0.3966
gucci_spring_2019_mens_006,neckline_collar,crew_neckline,0.2307
gucci_spring_2019_mens_006,fabric_texture,faux_fur_trim,0.4035
gucci_spring_2019_mens_006,pattern,animal_print,0.5676
gucci_spring_2019_mens_006,embellishment,layered_jewelry,0.3265
gucci_spring_2019_mens_007,silhouette,structured_tailored,0.6959
gucci_spring_2019_mens_007,neckline_collar,classic_shirt_collar,0.7639
gucci_spring_2019_mens_007,fabric_texture,cotton_jersey,0.2527
gucci_spring_2019_mens_007,pattern,solid_no_pattern,0.3421
gucci_spring_2019_mens_007,embellishment,pearls,0.2715
gucci_spring_2019_mens_008,silhouette,layered_eclectic,0.3808
gucci_spring_2019_mens_008,neckline_collar,turtleneck,0.4026
gucci_spring_2019_mens_008,fabric_texture,cotton_jersey,0.5622
gucci_spring_2019_mens_008,pattern,striped,0.9871
gucci_spring_2019_mens_008,embellishment,oversized_eyewear,0.3584
gucci_spring_2019_mens_009,silhouette,structured_tailored,0.4372
gucci_spring_2019_mens_009,neckline_collar,classic_shirt_collar,0.3894
gucci_spring_2019_mens_009,fabric_texture,velvet,0.2435
gucci_spring_2019_mens_009,pattern,solid_no_pattern,0.418
gucci_spring_2019_mens_009,embellishment,embroidery,0.225
gucci_spring_2019_mens_010,silhouette,maxi_length,0.3207
gucci_spring_2019_mens_010,neckline_collar,classic_shirt_collar,0.2743
gucci_spring_2019_mens_010,fabric_texture,leather,0.7172
gucci_spring_2019_mens_010,pattern,solid_no_pattern,0.3086
gucci_spring_2019_mens_010,embellishment,oversized_eyewear,0.5508
gucci_spring_2019_mens_011,silhouette,mini_length,0.5603
gucci_spring_2019_mens_011,neckline_collar,classic_shirt_collar,0.2622
gucci_spring_2019_mens_011,fabric_texture,lace,0.2912
gucci_spring_2019_mens_011,pattern,solid_no_pattern,0.4239
gucci_spring_2019_mens_011,embellishment,applique_patches,0.281
gucci_spring_2019_mens_012,silhouette,layered_eclectic,0.4963
gucci_spring_2019_mens_012,neckline_collar,pussy_bow,0.3434
gucci_spring_2019_mens_012,fabric_texture,sequined_metallic,0.5006
gucci_spring_2019_mens_012,pattern,psychedelic_geometric,0.2998
gucci_spring_2019_mens_012,embellishment,applique_patches,0.4647
gucci_spring_2019_mens_013,silhouette,mini_length,0.6321
gucci_spring_2019_mens_013,neckline_collar,peter_pan_collar,0.715
gucci_spring_2019_mens_013,fabric_texture,faux_fur_trim,0.4209
gucci_spring_2019_mens_013,pattern,striped,0.9355
gucci_spring_2019_mens_013,embellishment,statement_bow,0.3286
gucci_spring_2019_mens_014,silhouette,structured_tailored,0.8852
gucci_spring_2019_mens_014,neckline_collar,classic_shirt_collar,0.721
gucci_spring_2019_mens_014,fabric_texture,leather,0.2538
gucci_spring_2019_mens_014,pattern,striped,0.2502
gucci_spring_2019_mens_014,embellishment,oversized_eyewear,0.7963
gucci_spring_2019_mens_015,silhouette,layered_eclectic,0.2562
gucci_spring_2019_mens_015,neckline_collar,classic_shirt_collar,0.3582
gucci_spring_2019_mens_015,fabric_texture,velvet,0.3814
gucci_spring_2019_mens_015,pattern,psychedelic_geometric,0.2446
gucci_spring_2019_mens_015,embellishment,embroidery,0.1997
gucci_spring_2019_mens_016,silhouette,structured_tailored,0.4242
gucci_spring_2019_mens_016,neckline_collar,pussy_bow,0.3234
gucci_spring_2019_mens_016,fabric_texture,sequined_metallic,0.3288
gucci_spring_2019_mens_016,pattern,polka_dot,0.2472
gucci_spring_2019_mens_016,embellishment,oversized_eyewear,0.3609
gucci_spring_2019_mens_017,silhouette,casual_relaxed,0.4383
gucci_spring_2019_mens_017,neckline_collar,crew_neckline,0.4497
gucci_spring_2019_mens_017,fabric_texture,cotton_jersey,0.302
gucci_spring_2019_mens_017,pattern,striped,0.8989
gucci_spring_2019_mens_017,embellishment,oversized_eyewear,0.9105
gucci_spring_2019_womens_001,silhouette,romantic_bohemian,0.3883
gucci_spring_2019_womens_001,neckline_collar,ruffled_high_collar,0.5865
gucci_spring_2019_womens_001,fabric_texture,sequined_metallic,0.2868
gucci_spring_2019_womens_001,pattern,floral_print,0.5315
gucci_spring_2019_womens_001,embellishment,embroidery,0.3626
gucci_spring_2019_womens_002,silhouette,romantic_bohemian,0.3415
gucci_spring_2019_womens_002,neckline_collar,ruffled_high_collar,0.2707
gucci_spring_2019_womens_002,fabric_texture,faux_fur_trim,0.3444
gucci_spring_2019_womens_002,pattern,striped,0.3634
gucci_spring_2019_womens_002,embellishment,embroidery,0.2976
gucci_spring_2019_womens_003,silhouette,seventies_flared,0.1933
gucci_spring_2019_womens_003,neckline_collar,plunging_neckline,0.4275
gucci_spring_2019_womens_003,fabric_texture,sequined_metallic,0.8967
gucci_spring_2019_womens_003,pattern,animal_print,0.2268
gucci_spring_2019_womens_003,embellishment,crystal_rhinestone,0.3934
gucci_spring_2019_womens_004,silhouette,layered_eclectic,0.2717
gucci_spring_2019_womens_004,neckline_collar,peter_pan_collar,0.2733
gucci_spring_2019_womens_004,fabric_texture,faux_fur_trim,0.2785
gucci_spring_2019_womens_004,pattern,graphic_print,0.2265
gucci_spring_2019_womens_004,embellishment,oversized_eyewear,0.6612
gucci_spring_2019_womens_005,silhouette,maxi_length,0.2907
gucci_spring_2019_womens_005,neckline_collar,plunging_neckline,0.3547
gucci_spring_2019_womens_005,fabric_texture,lace,0.3384
gucci_spring_2019_womens_005,pattern,solid_no_pattern,0.5639
gucci_spring_2019_womens_005,embellishment,layered_jewelry,0.3008
gucci_spring_2019_womens_006,silhouette,mini_length,0.2756
gucci_spring_2019_womens_006,neckline_collar,pussy_bow,0.3355
gucci_spring_2019_womens_006,fabric_texture,faux_fur_trim,0.4395
gucci_spring_2019_womens_006,pattern,solid_no_pattern,0.2886
gucci_spring_2019_womens_006,embellishment,crystal_rhinestone,0.2287
gucci_spring_2019_womens_007,silhouette,mini_length,0.4874
gucci_spring_2019_womens_007,neckline_collar,peter_pan_collar,0.2994
gucci_spring_2019_womens_007,fabric_texture,cotton_jersey,0.3129
gucci_spring_2019_womens_007,pattern,striped,0.2109
gucci_spring_2019_womens_007,embellishment,oversized_eyewear,0.9243
gucci_spring_2019_womens_008,silhouette,mini_length,0.6203
gucci_spring_2019_womens_008,neckline_collar,plunging_neckline,0.4149
gucci_spring_2019_womens_008,fabric_texture,sequined_metallic,0.4553
gucci_spring_2019_womens_008,pattern,animal_print,0.5446
gucci_spring_2019_womens_008,embellishment,oversized_eyewear,0.66
gucci_spring_2019_womens_009,silhouette,layered_eclectic,0.2923
gucci_spring_2019_womens_009,neckline_collar,pussy_bow,0.2496
gucci_spring_2019_womens_009,fabric_texture,brocade_jacquard,0.2447
gucci_spring_2019_womens_009,pattern,psychedelic_geometric,0.5274
gucci_spring_2019_womens_009,embellishment,statement_bow,0.3532
gucci_spring_2019_womens_010,silhouette,structured_tailored,0.7829
gucci_spring_2019_womens_010,neckline_collar,classic_shirt_collar,0.3285
gucci_spring_2019_womens_010,fabric_texture,leather,0.3527
gucci_spring_2019_womens_010,pattern,striped,0.4667
gucci_spring_2019_womens_010,embellishment,oversized_eyewear,0.839
gucci_spring_2019_womens_011,silhouette,layered_eclectic,0.4148
gucci_spring_2019_womens_011,neckline_collar,peter_pan_collar,0.284
gucci_spring_2019_womens_011,fabric_texture,leather,0.3472
gucci_spring_2019_womens_011,pattern,graphic_print,0.244
gucci_spring_2019_womens_011,embellishment,oversized_eyewear,0.2754
gucci_spring_2019_womens_012,silhouette,layered_eclectic,0.2334
gucci_spring_2019_womens_012,neckline_collar,pussy_bow,0.3582
gucci_spring_2019_womens_012,fabric_texture,cotton_jersey,0.3189
gucci_spring_2019_womens_012,pattern,graphic_print,0.504
gucci_spring_2019_womens_012,embellishment,applique_patches,0.4239
gucci_spring_2019_womens_013,silhouette,maxi_length,0.357
gucci_spring_2019_womens_013,neckline_collar,peter_pan_collar,0.2215
gucci_spring_2019_womens_013,fabric_texture,faux_fur_trim,0.5049
gucci_spring_2019_womens_013,pattern,floral_print,0.5264
gucci_spring_2019_womens_013,embellishment,oversized_eyewear,0.4652
gucci_spring_2019_womens_014,silhouette,layered_eclectic,0.5818
gucci_spring_2019_womens_014,neckline_collar,ruffled_high_collar,0.3244
gucci_spring_2019_womens_014,fabric_texture,leather,0.3127
gucci_spring_2019_womens_014,pattern,animal_print,0.4023
gucci_spring_2019_womens_014,embellishment,layered_jewelry,0.3498
gucci_spring_2019_womens_015,silhouette,layered_eclectic,0.3776
gucci_spring_2019_womens_015,neckline_collar,peter_pan_collar,0.5176
gucci_spring_2019_womens_015,fabric_texture,cotton_jersey,0.3568
gucci_spring_2019_womens_015,pattern,polka_dot,0.2201
gucci_spring_2019_womens_015,embellishment,layered_jewelry,0.3977
gucci_spring_2019_womens_016,silhouette,maxi_length,0.3223
gucci_spring_2019_womens_016,neckline_collar,ruffled_high_collar,0.25
gucci_spring_2019_womens_016,fabric_texture,sequined_metallic,0.2742
gucci_spring_2019_womens_016,pattern,striped,0.4628
gucci_spring_2019_womens_016,embellishment,layered_jewelry,0.4467
gucci_spring_2019_womens_017,silhouette,maxi_length,0.2425
gucci_spring_2019_womens_017,neckline_collar,ruffled_high_collar,0.348
gucci_spring_2019_womens_017,fabric_texture,faux_fur_trim,0.2733
gucci_spring_2019_womens_017,pattern,floral_print,0.3392
gucci_spring_2019_womens_017,embellishment,statement_bow,0.3188
