look_id,dominant_hex,dominant_color_name,proportion
gucci_fall_2015_mens_001,#080705,black,0.3379
gucci_fall_2015_mens_002,#302f2c,black,0.3067
gucci_fall_2015_mens_003,#862333,burgundy,0.2599
gucci_fall_2015_mens_004,#060504,black,0.2744
gucci_fall_2015_mens_005,#32312e,black,0.2687
gucci_fall_2015_mens_006,#383539,brown,0.3529
gucci_fall_2015_mens_007,#504a4a,brown,0.3096
gucci_fall_2015_mens_008,#644641,brown,0.2508
gucci_fall_2015_mens_009,#8a8381,gray,0.2529
gucci_fall_2015_mens_010,#383536,brown,0.2458
gucci_fall_2015_womens_001,#8a939d,gray,0.3513
gucci_fall_2015_womens_002,#3d4239,brown,0.313
gucci_fall_2015_womens_003,#454442,brown,0.2988
gucci_fall_2015_womens_004,#4e4f4d,brown,0.2685
gucci_fall_2015_womens_005,#3d3a37,brown,0.2817
gucci_fall_2015_womens_006,#888b93,gray,0.3008
gucci_fall_2015_womens_007,#45433d,brown,0.2909
gucci_fall_2015_womens_008,#191919,black,0.3025
gucci_fall_2015_womens_009,#8a9aa5,gray,0.2852
gucci_fall_2015_womens_010,#a88980,gray,0.2613
gucci_fall_2015_womens_011,#959fa9,gray,0.3289
gucci_fall_2015_womens_012,#825a5a,gray,0.2589
gucci_fall_2015_womens_013,#a4b3be,beige_tan,0.2509
gucci_spring_2016_mens_001,#aa9e97,beige_tan,0.3148
gucci_spring_2016_mens_002,#a79d95,beige_tan,0.3624
gucci_spring_2016_mens_003,#887971,gray,0.2905
gucci_spring_2016_mens_004,#8d8783,gray,0.3166
gucci_spring_2016_mens_005,#a3998d,gray,0.3183
gucci_spring_2016_mens_006,#5a6b9c,gray,0.2717
gucci_spring_2016_womens_001,#566645,brown,0.2598
gucci_spring_2016_womens_002,#a4988f,gray,0.2879
gucci_spring_2016_womens_003,#948981,gray,0.3822
gucci_spring_2016_womens_004,#aba09a,beige_tan,0.2511
gucci_spring_2016_womens_005,#a4978f,gray,0.3579
gucci_spring_2016_womens_006,#a29893,gray,0.2741
gucci_spring_2016_womens_007,#908c87,gray,0.359
gucci_spring_2016_womens_008,#a79b95,beige_tan,0.2425
gucci_spring_2016_womens_009,#928c81,gray,0.291
gucci_spring_2016_womens_010,#9a928d,gray,0.2999
gucci_spring_2016_womens_011,#948985,gray,0.2915
gucci_spring_2016_womens_012,#998b7f,gray,0.3195
gucci_fall_2016_mens_001,#4e1319,brown,0.4573
gucci_fall_2016_mens_002,#230d07,black,0.5479
gucci_fall_2016_mens_003,#501218,burgundy,0.3651
gucci_fall_2016_mens_004,#4c0b10,burgundy,0.3234
gucci_fall_2016_mens_005,#2b0103,black,0.2724
gucci_fall_2016_mens_006,#4d0c11,burgundy,0.3594
gucci_fall_2016_mens_007,#4d1015,burgundy,0.3701
gucci_fall_2016_mens_008,#4f1015,burgundy,0.3955
gucci_fall_2016_mens_009,#531016,burgundy,0.408
gucci_fall_2016_mens_010,#250302,black,0.5087
gucci_fall_2016_mens_011,#4f0d12,burgundy,0.2936
gucci_fall_2016_womens_001,#484241,brown,0.3921
gucci_fall_2016_womens_002,#5c4d50,brown,0.3271
gucci_fall_2016_womens_003,#0f0c0c,black,0.2975
gucci_fall_2016_womens_004,#594f4a,brown,0.2817
gucci_fall_2016_womens_005,#0f0f0d,black,0.4301
gucci_fall_2016_womens_006,#0e0e0c,black,0.4571
gucci_fall_2016_womens_007,#0e0c0b,black,0.5255
gucci_fall_2016_womens_008,#0e0f0f,black,0.3617
gucci_fall_2016_womens_009,#0f0e0b,black,0.4017
gucci_fall_2016_womens_010,#0c0c0a,black,0.3438
gucci_fall_2016_womens_011,#0d1115,black,0.6428
gucci_fall_2016_womens_012,#0e0f0e,black,0.4077
gucci_fall_2016_womens_013,#131413,black,0.2933
gucci_fall_2016_womens_014,#0f100f,black,0.3381
gucci_spring_2017_mens_001,#406749,green,0.2722
gucci_spring_2017_mens_002,#101808,black,0.4759
gucci_spring_2017_mens_003,#141d08,black,0.2687
gucci_spring_2017_mens_004,#303519,black,0.2739
gucci_spring_2017_mens_005,#16200a,black,0.2403
gucci_spring_2017_mens_006,#141d08,black,0.2552
gucci_spring_2017_mens_007,#141d0a,black,0.2983
gucci_spring_2017_mens_008,#131d0c,black,0.3158
gucci_spring_2017_mens_009,#131b0b,black,0.41
gucci_spring_2017_mens_010,#5b7448,brown,0.3133
gucci_spring_2017_mens_011,#1b250e,black,0.2717
gucci_spring_2017_mens_012,#2c361e,black,0.3209
gucci_spring_2017_womens_001,#5b2b27,brown,0.3974
gucci_spring_2017_womens_002,#5a231e,brown,0.3782
gucci_spring_2017_womens_003,#471b15,brown,0.3597
gucci_spring_2017_womens_004,#5a211e,brown,0.3958
gucci_spring_2017_womens_005,#5b322d,brown,0.2988
gucci_spring_2017_womens_006,#58322d,brown,0.4013
gucci_spring_2017_womens_007,#542c27,brown,0.3811
gucci_spring_2017_womens_008,#4d2823,brown,0.3741
gucci_spring_2017_womens_009,#4c2520,brown,0.3111
gucci_spring_2017_womens_010,#512c27,brown,0.3551
gucci_spring_2017_womens_011,#562d27,brown,0.4401
gucci_spring_2017_womens_012,#552e28,brown,0.3757
gucci_spring_2017_womens_013,#5a322e,brown,0.3262
gucci_spring_2017_womens_014,#583532,brown,0.4484
gucci_fall_2017_mens_001,#938b90,gray,0.2892
gucci_fall_2017_mens_002,#9b8e96,gray,0.2402
gucci_fall_2017_mens_003,#7d7779,gray,0.354
gucci_fall_2017_mens_004,#79767d,gray,0.2963
gucci_fall_2017_mens_005,#ad7e6e,gray,0.3629
gucci_fall_2017_mens_006,#775d6a,gray,0.386
gucci_fall_2017_mens_007,#6e6c70,gray,0.4514
gucci_fall_2017_mens_008,#9b6d8b,gray,0.3323
gucci_fall_2017_mens_009,#b3afb4,beige_tan,0.3169
gucci_fall_2017_mens_010,#7c8393,gray,0.2707
gucci_fall_2017_mens_011,#7b7478,gray,0.3315
gucci_fall_2017_mens_012,#807d84,gray,0.4359
gucci_fall_2017_mens_013,#6e6b76,gray,0.2962
gucci_fall_2017_mens_014,#b2aea4,beige_tan,0.2275
gucci_fall_2017_womens_001,#938d8c,gray,0.3361
gucci_fall_2017_womens_002,#635e61,gray,0.3778
gucci_fall_2017_womens_003,#5b585d,brown,0.3567
gucci_fall_2017_womens_004,#534a4f,brown,0.3006
gucci_fall_2017_womens_005,#665c60,gray,0.2261
gucci_fall_2017_womens_006,#6e666b,gray,0.2858
gucci_fall_2017_womens_007,#af9372,gray,0.3431
gucci_fall_2017_womens_008,#987980,gray,0.3858
gucci_fall_2017_womens_009,#99b6c0,beige_tan,0.324
gucci_fall_2017_womens_010,#86848a,gray,0.3217
gucci_fall_2017_womens_011,#74776f,gray,0.2485
gucci_fall_2017_womens_012,#4e4445,brown,0.3824
gucci_fall_2017_womens_013,#d6a688,beige_tan,0.2836
gucci_fall_2017_womens_014,#1b171a,black,0.2939
gucci_spring_2018_mens_001,#1d2541,black,0.2539
gucci_spring_2018_mens_002,#17191d,black,0.4507
gucci_spring_2018_mens_003,#121622,black,0.5028
gucci_spring_2018_mens_004,#121521,black,0.5009
gucci_spring_2018_mens_005,#161921,black,0.4648
gucci_spring_2018_mens_006,#1b1d2d,black,0.4855
gucci_spring_2018_mens_007,#111723,black,0.2891
gucci_spring_2018_mens_008,#3e67dc,blue,0.3153
gucci_spring_2018_mens_009,#4051d8,blue,0.3423
gucci_spring_2018_mens_010,#1b181e,black,0.2601
gucci_spring_2018_mens_011,#14161f,black,0.4381
gucci_spring_2018_mens_012,#272835,black,0.2741
gucci_spring_2018_mens_013,#131621,black,0.4717
gucci_spring_2018_mens_014,#242d54,navy,0.3648
gucci_spring_2018_mens_015,#13172a,black,0.4012
gucci_spring_2018_mens_016,#4664ca,blue,0.263
gucci_spring_2018_womens_001,#151925,black,0.5117
gucci_spring_2018_womens_002,#1a1824,black,0.4304
gucci_spring_2018_womens_003,#4567d1,blue,0.2999
gucci_spring_2018_womens_004,#4c78ed,blue,0.3481
gucci_spring_2018_womens_005,#161415,black,0.3282
gucci_spring_2018_womens_006,#121621,black,0.2515
gucci_spring_2018_womens_007,#19233e,black,0.4789
gucci_spring_2018_womens_008,#1b1a27,black,0.4289
gucci_spring_2018_womens_009,#2b2444,black,0.3151
gucci_spring_2018_womens_010,#5b70c6,blue,0.3323
gucci_spring_2018_womens_011,#1c1f2e,black,0.3639
gucci_spring_2018_womens_012,#191b27,black,0.5198
gucci_spring_2018_womens_013,#0e1221,black,0.4294
gucci_spring_2018_womens_014,#475abd,blue,0.3256
gucci_spring_2018_womens_015,#141622,black,0.4425
gucci_fall_2018_mens_001,#d9f0f6,white,0.5713
gucci_fall_2018_mens_002,#aad5e8,white,0.2733
gucci_fall_2018_mens_003,#c1e4f1,white,0.499
gucci_fall_2018_mens_004,#cfedf6,white,0.4666
gucci_fall_2018_mens_005,#d1e9ef,white,0.367
gucci_fall_2018_mens_006,#a4d1e4,white,0.3792
gucci_fall_2018_mens_007,#c4e7f4,white,0.4074
gucci_fall_2018_mens_008,#b1dcee,white,0.4269
gucci_fall_2018_mens_009,#cfe8f4,white,0.373
gucci_fall_2018_mens_010,#cdedf7,white,0.4115
gucci_fall_2018_mens_011,#e1f2f7,white,0.5259
gucci_fall_2018_mens_012,#d9f1f7,white,0.4799
gucci_fall_2018_mens_013,#e0f2f8,white,0.5158
gucci_fall_2018_mens_014,#cdebf6,white,0.5256
gucci_fall_2018_mens_015,#bbe2f1,white,0.3941
gucci_fall_2018_womens_001,#cde6f2,white,0.4082
gucci_fall_2018_womens_002,#def1f8,white,0.4041
gucci_fall_2018_womens_003,#c4e7f3,white,0.4663
gucci_fall_2018_womens_004,#b9d7e9,white,0.282
gucci_fall_2018_womens_005,#d2e9f3,white,0.445
gucci_fall_2018_womens_006,#c8eaf5,white,0.5166
gucci_fall_2018_womens_007,#e0f2f7,white,0.5067
gucci_fall_2018_womens_008,#b6dbe9,white,0.2899
gucci_fall_2018_womens_009,#def1f7,white,0.4653
gucci_fall_2018_womens_010,#ddf0f7,white,0.4669
gucci_fall_2018_womens_011,#0e1416,black,0.2839
gucci_fall_2018_womens_012,#c1dbea,white,0.4143
gucci_fall_2018_womens_013,#c6e7f4,white,0.5011
gucci_fall_2018_womens_014,#edf4f2,white,0.3243
gucci_fall_2018_womens_015,#d9f1f8,white,0.5542
gucci_spring_2019_mens_001,#1a1813,black,0.3041
gucci_spring_2019_mens_002,#82684e,gray,0.2681
gucci_spring_2019_mens_003,#584431,brown,0.2833
gucci_spring_2019_mens_004,#16130f,black,0.2789
gucci_spring_2019_mens_005,#181712,black,0.2633
gucci_spring_2019_mens_006,#141a15,black,0.3267
gucci_spring_2019_mens_007,#181511,black,0.289
gucci_spring_2019_mens_008,#1d1813,black,0.3005
gucci_spring_2019_mens_009,#8a7866,gray,0.2867
gucci_spring_2019_mens_010,#17140f,black,0.3025
gucci_spring_2019_mens_011,#231d17,black,0.3029
gucci_spring_2019_mens_012,#0b0e0b,black,0.6509
gucci_spring_2019_mens_013,#1a1816,black,0.3357
gucci_spring_2019_mens_014,#0d0f10,black,0.4709
gucci_spring_2019_mens_015,#1e1a15,black,0.2916
gucci_spring_2019_mens_016,#070808,black,0.4186
gucci_spring_2019_mens_017,#070606,black,0.3989
gucci_spring_2019_womens_001,#352c22,black,0.3419
gucci_spring_2019_womens_002,#060706,black,0.3984
gucci_spring_2019_womens_003,#060606,black,0.4837
gucci_spring_2019_womens_004,#8d735d,gray,0.3451
gucci_spring_2019_womens_005,#0f1315,black,0.366
gucci_spring_2019_womens_006,#080807,black,0.4733
gucci_spring_2019_womens_007,#917964,gray,0.2757
gucci_spring_2019_womens_008,#746659,gray,0.3038
gucci_spring_2019_womens_009,#716152,gray,0.3513
gucci_spring_2019_womens_010,#807369,gray,0.2887
gucci_spring_2019_womens_011,#1b1916,black,0.3436
gucci_spring_2019_womens_012,#241f1a,black,0.2859
gucci_spring_2019_womens_013,#1b1a18,black,0.2581
gucci_spring_2019_womens_014,#21211f,black,0.3285
gucci_spring_2019_womens_015,#8c8480,gray,0.3109
gucci_spring_2019_womens_016,#261915,black,0.3096
gucci_spring_2019_womens_017,#685e54,brown,0.3063
gucci_fall_2019_mens_001,#1c212c,black,0.2994
gucci_fall_2019_mens_002,#575454,brown,0.3623
gucci_fall_2019_mens_003,#2e3138,black,0.2851
gucci_fall_2019_mens_004,#171a21,black,0.3156
gucci_fall_2019_mens_005,#17171d,black,0.2955
gucci_fall_2019_mens_006,#453b34,brown,0.2907
gucci_fall_2019_mens_007,#4d4a49,brown,0.3982
gucci_fall_2019_mens_008,#181717,black,0.3557
gucci_fall_2019_mens_009,#26221b,black,0.2582
gucci_fall_2019_mens_010,#484137,brown,0.2402
gucci_fall_2019_mens_011,#11171c,black,0.3515
gucci_fall_2019_mens_012,#211710,black,0.2869
gucci_fall_2019_mens_013,#2a2218,black,0.3043
gucci_fall_2019_mens_014,#38342e,brown,0.318
gucci_fall_2019_mens_015,#0a0d13,black,0.4039
gucci_fall_2019_mens_016,#1e1911,black,0.2656
gucci_fall_2019_womens_001,#333133,black,0.2573
gucci_fall_2019_womens_002,#313740,brown,0.3363
gucci_fall_2019_womens_003,#191920,black,0.4115
gucci_fall_2019_womens_004,#191718,black,0.3465
gucci_fall_2019_womens_005,#131820,black,0.3705
gucci_fall_2019_womens_006,#151311,black,0.2831
gucci_fall_2019_womens_007,#0d0f13,black,0.4237
gucci_fall_2019_womens_008,#161617,black,0.291
gucci_fall_2019_womens_009,#0f0f12,black,0.2949
gucci_fall_2019_womens_010,#18181f,black,0.2985
gucci_fall_2019_womens_011,#080d11,black,0.3721
gucci_fall_2019_womens_012,#717053,gray,0.2918
gucci_fall_2019_womens_013,#060a10,black,0.355
gucci_fall_2019_womens_014,#3a3838,brown,0.3461
gucci_fall_2019_womens_015,#231913,black,0.3055
gucci_fall_2019_womens_016,#17130e,black,0.3595
gucci_fall_2019_womens_017,#0e1115,black,0.4092
gucci_fall_2019_womens_018,#615a4d,brown,0.3554
gucci_fall_2019_womens_019,#191716,black,0.3098
gucci_spring_2020_mens_001,#ddebe2,white,0.2915
gucci_spring_2020_mens_002,#dce3e1,white,0.2945
gucci_spring_2020_mens_003,#90c9b4,beige_tan,0.3094
gucci_spring_2020_mens_004,#181f26,black,0.2182
gucci_spring_2020_mens_005,#9bd3c0,beige_tan,0.307
gucci_spring_2020_mens_006,#93c9b7,beige_tan,0.3305
gucci_spring_2020_mens_007,#afdacb,beige_tan,0.3172
gucci_spring_2020_mens_008,#eaf2eb,white,0.2993
gucci_spring_2020_mens_009,#aad7c8,beige_tan,0.3384
gucci_spring_2020_mens_010,#e3e9e3,white,0.3105
gucci_spring_2020_mens_011,#b5ddce,white,0.295
gucci_spring_2020_mens_012,#add9c9,beige_tan,0.2909
gucci_spring_2020_mens_013,#e6efe8,white,0.3581
gucci_spring_2020_womens_001,#84bea7,gray,0.3655
gucci_spring_2020_womens_002,#8cc4b0,beige_tan,0.3612
gucci_spring_2020_womens_003,#84c5a8,gray,0.2931
gucci_spring_2020_womens_004,#8ecab8,beige_tan,0.3009
gucci_spring_2020_womens_005,#a1c5b8,beige_tan,0.3747
gucci_spring_2020_womens_006,#222634,black,0.3059
gucci_spring_2020_womens_007,#3d322d,brown,0.3199
gucci_spring_2020_womens_008,#91c8b6,beige_tan,0.3098
gucci_spring_2020_womens_009,#514032,brown,0.2716
gucci_spring_2020_womens_010,#8dc9b6,beige_tan,0.3324
gucci_spring_2020_womens_011,#89cab6,beige_tan,0.286
gucci_spring_2020_womens_012,#9ed2bc,beige_tan,0.2283
gucci_spring_2020_womens_013,#d9e1d9,white,0.3108
gucci_spring_2020_womens_014,#8ac8b0,beige_tan,0.2984
gucci_spring_2020_womens_015,#97ceba,beige_tan,0.3493
gucci_spring_2020_womens_016,#95c5ac,beige_tan,0.3049
gucci_spring_2020_womens_017,#92c5b6,beige_tan,0.2726
gucci_spring_2020_womens_018,#a7d5c5,beige_tan,0.3086
gucci_spring_2020_womens_019,#b7decc,white,0.3418
gucci_spring_2020_womens_020,#e5ebe7,white,0.3114
gucci_spring_2020_womens_021,#a5d6c5,beige_tan,0.285
gucci_fall_2020_mens_001,#060c11,black,0.2547
gucci_fall_2020_mens_002,#0b181b,black,0.3718
gucci_fall_2020_mens_003,#0e161d,black,0.4065
gucci_fall_2020_mens_004,#0e1b25,black,0.3269
gucci_fall_2020_mens_005,#090f13,black,0.3103
gucci_fall_2020_mens_006,#0f171f,black,0.3331
gucci_fall_2020_mens_007,#8a888c,gray,0.2933
gucci_fall_2020_mens_008,#0a1016,black,0.3217
gucci_fall_2020_mens_009,#0a0f12,black,0.2799
gucci_fall_2020_mens_010,#0b1318,black,0.3077
gucci_fall_2020_mens_011,#081d1a,black,0.4329
gucci_fall_2020_mens_012,#0c151c,black,0.3943
gucci_fall_2020_mens_013,#081116,black,0.3215
gucci_fall_2020_mens_014,#081312,black,0.3581
gucci_fall_2020_mens_015,#0b1216,black,0.4136
gucci_fall_2020_mens_016,#080d11,black,0.2802
gucci_fall_2020_mens_017,#050709,black,0.2941
gucci_fall_2020_womens_001,#201b1b,black,0.2917
gucci_fall_2020_womens_002,#191717,black,0.4721
gucci_fall_2020_womens_003,#171413,black,0.3574
gucci_fall_2020_womens_004,#211c1f,black,0.4769
gucci_fall_2020_womens_005,#282324,black,0.3301
gucci_fall_2020_womens_006,#1b1717,black,0.4021
gucci_fall_2020_womens_007,#221d1d,black,0.3765
gucci_fall_2020_womens_008,#1c1716,black,0.4845
gucci_fall_2020_womens_009,#1f1a19,black,0.3325
gucci_fall_2020_womens_010,#1a1a1c,black,0.4109
gucci_fall_2020_womens_011,#221d1d,black,0.3974
gucci_fall_2020_womens_012,#1c1919,black,0.3139
gucci_fall_2020_womens_013,#201c1d,black,0.3589
gucci_fall_2020_womens_014,#201b1c,black,0.3341
gucci_fall_2020_womens_015,#211c1d,black,0.4029
gucci_fall_2020_womens_016,#241e20,black,0.3847
gucci_spring_2021_mens_001,#9a8251,gray,0.3247
gucci_spring_2021_mens_002,#2b2526,black,0.4492
gucci_spring_2021_mens_003,#1d242c,black,0.3775
gucci_spring_2021_mens_004,#353933,brown,0.3143
gucci_spring_2021_mens_005,#171d22,black,0.4189
gucci_spring_2021_mens_006,#1c3538,black,0.2889
gucci_spring_2021_mens_007,#25312b,black,0.4796
gucci_spring_2021_mens_008,#5b4221,brown,0.3063
gucci_spring_2021_mens_009,#28241b,black,0.3661
gucci_spring_2021_mens_010,#8f7e2d,olive_khaki,0.2681
gucci_spring_2021_mens_011,#2c2c1f,black,0.3914
gucci_spring_2021_mens_012,#17191a,black,0.4474
gucci_spring_2021_mens_013,#151617,black,0.3696
gucci_spring_2021_mens_014,#162818,black,0.5253
gucci_spring_2021_womens_001,#715a3a,brown,0.2616
gucci_spring_2021_womens_002,#674a24,brown,0.2235
gucci_spring_2021_womens_003,#c5d0e5,white,0.3107
gucci_spring_2021_womens_004,#574631,brown,0.3575
gucci_spring_2021_womens_005,#697caf,gray,0.3126
gucci_spring_2021_womens_006,#7a663c,brown,0.2921
gucci_spring_2021_womens_007,#273327,black,0.2663
gucci_spring_2021_womens_008,#1b231e,black,0.3541
gucci_spring_2021_womens_009,#6e4f21,brown,0.2865
gucci_spring_2021_womens_010,#26211c,black,0.286
gucci_spring_2021_womens_011,#712e2d,brown,0.4083
gucci_spring_2021_womens_012,#17191f,black,0.3617
gucci_spring_2021_womens_013,#1d211f,black,0.5207
gucci_fall_2021_mens_001,#f0ede8,white,0.4241
gucci_fall_2021_mens_002,#f0ece7,white,0.3927
gucci_fall_2021_mens_003,#f3f1ed,white,0.5206
gucci_fall_2021_mens_004,#f4f1ec,white,0.3504
gucci_fall_2021_mens_005,#f3f0ec,white,0.4928
gucci_fall_2021_mens_006,#f5f3ee,white,0.516
gucci_fall_2021_mens_007,#f7f6f3,white,0.5423
gucci_fall_2021_mens_008,#f6f4f0,white,0.4067
gucci_fall_2021_mens_009,#f5f3ef,white,0.4128
gucci_fall_2021_mens_010,#f3f1ec,white,0.4279
gucci_fall_2021_mens_011,#f2f0ec,white,0.446
gucci_fall_2021_mens_012,#f4f1ee,white,0.4399
gucci_fall_2021_mens_013,#f8f6f4,white,0.4687
gucci_fall_2021_mens_014,#f5f3f0,white,0.4842
gucci_fall_2021_mens_015,#f7f7f7,white,0.6137
gucci_fall_2021_mens_016,#f6f4f1,white,0.5718
gucci_fall_2021_mens_017,#f2f0ec,white,0.5231
gucci_fall_2021_mens_018,#f6f4f1,white,0.3787
gucci_fall_2021_womens_001,#d7cdc5,beige_tan,0.3848
gucci_fall_2021_womens_002,#f2efec,white,0.4581
gucci_fall_2021_womens_003,#f6f4f1,white,0.4126
gucci_fall_2021_womens_004,#f3f1ee,white,0.453
gucci_fall_2021_womens_005,#f4f2f1,white,0.4693
gucci_fall_2021_womens_006,#f7f6f3,white,0.5947
gucci_fall_2021_womens_007,#f6f4f1,white,0.4856
gucci_fall_2021_womens_008,#f6f4f1,white,0.4533
gucci_fall_2021_womens_009,#efebe7,white,0.4911
gucci_fall_2021_womens_010,#f7f6f3,white,0.4579
gucci_fall_2021_womens_011,#f4f1ed,white,0.4454
gucci_fall_2021_womens_012,#f3f1ed,white,0.4255
gucci_fall_2021_womens_013,#f3f0eb,white,0.485
gucci_fall_2021_womens_014,#efebe6,white,0.333
gucci_fall_2021_womens_015,#f4f1ed,white,0.4255
gucci_fall_2021_womens_016,#f2eeea,white,0.5258
gucci_fall_2021_womens_017,#f0ede8,white,0.4287
gucci_spring_2022_mens_001,#3c3229,brown,0.3988
gucci_spring_2022_mens_002,#231d19,black,0.3375
gucci_spring_2022_mens_003,#3d3123,brown,0.3607
gucci_spring_2022_mens_004,#1d1915,black,0.3711
gucci_spring_2022_mens_005,#41322d,brown,0.3884
gucci_spring_2022_mens_006,#1f1a14,black,0.3483
gucci_spring_2022_mens_007,#2e2824,black,0.3107
gucci_spring_2022_mens_008,#413a35,brown,0.3937
gucci_spring_2022_mens_009,#534334,brown,0.4209
gucci_spring_2022_mens_010,#28221d,black,0.4733
gucci_spring_2022_mens_011,#54473d,brown,0.3816
gucci_spring_2022_mens_012,#231c17,black,0.3677
gucci_spring_2022_mens_013,#281f18,black,0.3919
gucci_spring_2022_mens_014,#2e221d,black,0.4744
gucci_spring_2022_mens_015,#251e1a,black,0.4031
gucci_spring_2022_mens_016,#312c27,black,0.3731
gucci_spring_2022_mens_017,#342d26,black,0.3862
gucci_spring_2022_mens_018,#483c35,brown,0.3444
gucci_spring_2022_mens_019,#2a231f,black,0.3788
gucci_spring_2022_mens_020,#2d2520,black,0.3566
gucci_spring_2022_womens_001,#423a37,brown,0.3269
gucci_spring_2022_womens_002,#27211a,black,0.5272
gucci_spring_2022_womens_003,#504846,brown,0.3555
gucci_spring_2022_womens_004,#403631,brown,0.4003
gucci_spring_2022_womens_005,#38322f,brown,0.3973
gucci_spring_2022_womens_006,#16130d,black,0.4315
gucci_spring_2022_womens_007,#251d18,black,0.354
gucci_spring_2022_womens_008,#28231b,black,0.3851
gucci_spring_2022_womens_009,#1f1b14,black,0.4089
gucci_spring_2022_womens_010,#332925,black,0.4155
gucci_spring_2022_womens_011,#28211c,black,0.3475
gucci_spring_2022_womens_012,#241c14,black,0.4094
gucci_spring_2022_womens_013,#261e1a,black,0.3558
gucci_spring_2022_womens_014,#241d19,black,0.4411
gucci_spring_2022_womens_015,#372e2b,black,0.3353
gucci_spring_2022_womens_016,#25201b,black,0.4938
gucci_spring_2022_womens_017,#201c15,black,0.4114
gucci_spring_2022_womens_018,#221e1b,black,0.3422
gucci_spring_2022_womens_019,#43382f,brown,0.3471
gucci_spring_2022_womens_020,#261c18,black,0.3307
gucci_fall_2022_mens_001,#e9eaee,white,0.2247
gucci_fall_2022_mens_002,#62585b,brown,0.2921
gucci_fall_2022_mens_003,#f5f6f8,white,0.432
gucci_fall_2022_mens_004,#bdbdc4,beige_tan,0.2639
gucci_fall_2022_mens_005,#26312f,black,0.2984
gucci_fall_2022_mens_006,#edf0f0,white,0.3257
gucci_fall_2022_mens_007,#b0b8bb,beige_tan,0.3023
gucci_fall_2022_mens_008,#a6a9aa,beige_tan,0.2634
gucci_fall_2022_mens_009,#625f61,gray,0.2328
gucci_fall_2022_mens_010,#c3c6cc,beige_tan,0.2907
gucci_fall_2022_mens_011,#211d1d,black,0.26
gucci_fall_2022_mens_012,#dee0df,white,0.299
gucci_fall_2022_mens_013,#2c2c2d,black,0.3059
gucci_fall_2022_mens_014,#202326,black,0.3714
gucci_fall_2022_mens_015,#eef0f1,white,0.2817
gucci_fall_2022_mens_016,#36383a,brown,0.3615
gucci_fall_2022_mens_017,#2d2d2c,black,0.4708
gucci_fall_2022_mens_018,#f3bac0,pink,0.3817
gucci_fall_2022_womens_001,#f4f7f9,white,0.2972
gucci_fall_2022_womens_002,#8b8696,gray,0.2332
gucci_fall_2022_womens_003,#9c8f91,gray,0.2503
gucci_fall_2022_womens_004,#3e3a43,brown,0.2531
gucci_fall_2022_womens_005,#eae7ea,white,0.2351
gucci_fall_2022_womens_006,#b7b9bc,beige_tan,0.3065
gucci_fall_2022_womens_007,#85817f,gray,0.224
gucci_fall_2022_womens_008,#d3d8dd,white,0.3319
gucci_fall_2022_womens_009,#d0d5d9,white,0.2889
gucci_fall_2022_womens_010,#202224,black,0.3979
gucci_fall_2022_womens_011,#f4eeee,white,0.3439
gucci_fall_2022_womens_012,#7a7672,gray,0.2773
gucci_fall_2022_womens_013,#676550,brown,0.2681
gucci_fall_2022_womens_014,#fdc4c9,white,0.2699
gucci_fall_2022_womens_015,#e7e7e8,white,0.3179
gucci_fall_2022_womens_016,#abadb4,beige_tan,0.2684
gucci_spring_2023_mens_001,#11100f,black,0.414
gucci_spring_2023_mens_002,#302f37,black,0.3017
gucci_spring_2023_mens_003,#131314,black,0.2995
gucci_spring_2023_mens_004,#121111,black,0.3395
gucci_spring_2023_mens_005,#252323,black,0.3976
gucci_spring_2023_mens_006,#191919,black,0.2925
gucci_spring_2023_mens_007,#1e0b0c,black,0.4867
gucci_spring_2023_mens_008,#1a1617,black,0.2566
gucci_spring_2023_mens_009,#333741,brown,0.3499
gucci_spring_2023_mens_010,#100f13,black,0.3305
gucci_spring_2023_mens_011,#1c1b20,black,0.5037
gucci_spring_2023_mens_012,#221d1e,black,0.3129
gucci_spring_2023_mens_013,#666674,gray,0.3359
gucci_spring_2023_mens_014,#817e7f,gray,0.2781
gucci_spring_2023_womens_001,#0f0f10,black,0.6253
gucci_spring_2023_womens_002,#a31d13,red,0.3808
gucci_spring_2023_womens_003,#0c0d13,black,0.5907
gucci_spring_2023_womens_004,#c7c7c4,beige_tan,0.2597
gucci_spring_2023_womens_005,#101112,black,0.4231
gucci_spring_2023_womens_006,#19111e,black,0.3426
gucci_spring_2023_womens_007,#131517,black,0.6275
gucci_spring_2023_womens_008,#a18d6d,gray,0.3294
gucci_spring_2023_womens_009,#19181d,black,0.3296
gucci_spring_2023_womens_010,#68615d,gray,0.2797
gucci_spring_2023_womens_011,#3f3737,brown,0.2561
gucci_spring_2023_womens_012,#131214,black,0.4205
gucci_spring_2023_womens_013,#0f0f11,black,0.5045
gucci_spring_2023_womens_014,#0e0e10,black,0.5067
gucci_spring_2023_womens_015,#0f0f12,black,0.3223
gucci_spring_2023_womens_016,#222022,black,0.3692
gucci_spring_2023_womens_017,#111211,black,0.465
gucci_spring_2023_womens_018,#1a1919,black,0.3459
gucci_spring_2023_womens_019,#4d333e,brown,0.2896
