look_id,axis,hand_label
gucci_fall_2015_mens_001,embellishment,statement_bow
gucci_fall_2015_mens_001,fabric_texture,lace
gucci_fall_2015_mens_001,neckline_collar,pussy_bow
gucci_fall_2015_mens_001,pattern,solid_no_pattern
gucci_fall_2015_mens_001,silhouette,romantic_bohemian
gucci_fall_2015_mens_002,embellishment,statement_bow
gucci_fall_2015_mens_002,fabric_texture,cotton_jersey
gucci_fall_2015_mens_002,neckline_collar,pussy_bow
gucci_fall_2015_mens_002,pattern,solid_no_pattern
gucci_fall_2015_mens_002,silhouette,romantic_bohemian
gucci_fall_2015_mens_005,embellishment,statement_bow
gucci_fall_2015_mens_005,fabric_texture,cotton_jersey
gucci_fall_2015_mens_005,neckline_collar,crew_neckline
gucci_fall_2015_mens_005,pattern,solid_no_pattern
gucci_fall_2015_mens_005,silhouette,romantic_bohemian
gucci_fall_2015_womens_003,embellishment,crystal_rhinestone
gucci_fall_2015_womens_003,fabric_texture,faux_fur_trim
gucci_fall_2015_womens_003,neckline_collar,turtleneck
gucci_fall_2015_womens_003,pattern,striped
gucci_fall_2015_womens_003,silhouette,oversized_boxy
gucci_fall_2015_womens_004,embellishment,statement_bow
gucci_fall_2015_womens_004,fabric_texture,faux_fur_trim
gucci_fall_2015_womens_004,neckline_collar,pussy_bow
gucci_fall_2015_womens_004,pattern,floral_print
gucci_fall_2015_womens_004,silhouette,romantic_bohemian
gucci_fall_2015_womens_013,embellishment,crystal_rhinestone
gucci_fall_2015_womens_013,fabric_texture,lace
gucci_fall_2015_womens_013,neckline_collar,crew_neckline
gucci_fall_2015_womens_013,pattern,not_sure
gucci_fall_2015_womens_013,silhouette,romantic_bohemian
gucci_fall_2016_mens_002,embellishment,oversized_eyewear
gucci_fall_2016_mens_002,fabric_texture,faux_fur_trim
gucci_fall_2016_mens_002,neckline_collar,plunging_neckline
gucci_fall_2016_mens_002,pattern,animal_print
gucci_fall_2016_mens_002,silhouette,layered_eclectic
gucci_fall_2016_mens_009,embellishment,statement_bow
gucci_fall_2016_mens_009,fabric_texture,cotton_jersey
gucci_fall_2016_mens_009,neckline_collar,turtleneck
gucci_fall_2016_mens_009,pattern,solid_no_pattern
gucci_fall_2016_mens_009,silhouette,layered_eclectic
gucci_fall_2016_mens_011,embellishment,embroidery
gucci_fall_2016_mens_011,fabric_texture,brocade_jacquard
gucci_fall_2016_mens_011,neckline_collar,peter_pan_collar
gucci_fall_2016_mens_011,pattern,floral_print
gucci_fall_2016_mens_011,silhouette,layered_eclectic
gucci_fall_2016_womens_001,embellishment,not_sure
gucci_fall_2016_womens_001,fabric_texture,leather
gucci_fall_2016_womens_001,neckline_collar,plunging_neckline
gucci_fall_2016_womens_001,pattern,solid_no_pattern
gucci_fall_2016_womens_001,silhouette,structured_tailored
gucci_fall_2016_womens_007,embellishment,applique_patches
gucci_fall_2016_womens_007,fabric_texture,lace
gucci_fall_2016_womens_007,neckline_collar,plunging_neckline
gucci_fall_2016_womens_007,pattern,solid_no_pattern
gucci_fall_2016_womens_007,silhouette,maxi_length
gucci_fall_2016_womens_010,embellishment,applique_patches
gucci_fall_2016_womens_010,fabric_texture,lace
gucci_fall_2016_womens_010,neckline_collar,peter_pan_collar
gucci_fall_2016_womens_010,pattern,solid_no_pattern
gucci_fall_2016_womens_010,silhouette,maxi_length
gucci_fall_2017_mens_001,embellishment,crystal_rhinestone
gucci_fall_2017_mens_001,fabric_texture,brocade_jacquard
gucci_fall_2017_mens_001,neckline_collar,turtleneck
gucci_fall_2017_mens_001,pattern,psychedelic_geometric
gucci_fall_2017_mens_001,silhouette,layered_eclectic
gucci_fall_2017_mens_002,embellishment,crystal_rhinestone
gucci_fall_2017_mens_002,fabric_texture,cotton_jersey
gucci_fall_2017_mens_002,neckline_collar,plunging_neckline
gucci_fall_2017_mens_002,pattern,not_sure
gucci_fall_2017_mens_002,silhouette,structured_tailored
gucci_fall_2017_mens_004,embellishment,crystal_rhinestone
gucci_fall_2017_mens_004,fabric_texture,leather
gucci_fall_2017_mens_004,neckline_collar,crew_neckline
gucci_fall_2017_mens_004,pattern,solid_no_pattern
gucci_fall_2017_mens_004,silhouette,layered_eclectic
gucci_fall_2017_womens_004,embellishment,pearls
gucci_fall_2017_womens_004,fabric_texture,brocade_jacquard
gucci_fall_2017_womens_004,neckline_collar,turtleneck
gucci_fall_2017_womens_004,pattern,solid_no_pattern
gucci_fall_2017_womens_004,silhouette,romantic_bohemian
gucci_fall_2017_womens_009,embellishment,crystal_rhinestone
gucci_fall_2017_womens_009,fabric_texture,brocade_jacquard
gucci_fall_2017_womens_009,neckline_collar,plunging_neckline
gucci_fall_2017_womens_009,pattern,floral_print
gucci_fall_2017_womens_009,silhouette,structured_tailored
gucci_fall_2017_womens_010,embellishment,statement_bow
gucci_fall_2017_womens_010,fabric_texture,silk
gucci_fall_2017_womens_010,neckline_collar,peter_pan_collar
gucci_fall_2017_womens_010,pattern,floral_print
gucci_fall_2017_womens_010,silhouette,romantic_bohemian
gucci_fall_2018_mens_001,embellishment,oversized_eyewear
gucci_fall_2018_mens_001,fabric_texture,brocade_jacquard
gucci_fall_2018_mens_001,neckline_collar,ruffled_high_collar
gucci_fall_2018_mens_001,pattern,animal_print
gucci_fall_2018_mens_001,silhouette,layered_eclectic
gucci_fall_2018_mens_004,embellishment,not_sure
gucci_fall_2018_mens_004,fabric_texture,silk
gucci_fall_2018_mens_004,neckline_collar,plunging_neckline
gucci_fall_2018_mens_004,pattern,solid_no_pattern
gucci_fall_2018_mens_004,silhouette,structured_tailored
gucci_fall_2018_mens_009,embellishment,oversized_eyewear
gucci_fall_2018_mens_009,fabric_texture,brocade_jacquard
gucci_fall_2018_mens_009,neckline_collar,plunging_neckline
gucci_fall_2018_mens_009,pattern,floral_print
gucci_fall_2018_mens_009,silhouette,layered_eclectic
gucci_fall_2018_womens_011,embellishment,crystal_rhinestone
gucci_fall_2018_womens_011,fabric_texture,velvet
gucci_fall_2018_womens_011,neckline_collar,turtleneck
gucci_fall_2018_womens_011,pattern,polka_dot
gucci_fall_2018_womens_011,silhouette,maxi_length
gucci_fall_2018_womens_012,embellishment,not_sure
gucci_fall_2018_womens_012,fabric_texture,silk
gucci_fall_2018_womens_012,neckline_collar,turtleneck
gucci_fall_2018_womens_012,pattern,floral_print
gucci_fall_2018_womens_012,silhouette,oversized_boxy
gucci_fall_2018_womens_015,embellishment,embroidery
gucci_fall_2018_womens_015,fabric_texture,velvet
gucci_fall_2018_womens_015,neckline_collar,crew_neckline
gucci_fall_2018_womens_015,pattern,floral_print
gucci_fall_2018_womens_015,silhouette,oversized_boxy
gucci_spring_2016_mens_002,embellishment,oversized_eyewear
gucci_spring_2016_mens_002,fabric_texture,brocade_jacquard
gucci_spring_2016_mens_002,neckline_collar,classic_shirt_collar
gucci_spring_2016_mens_002,pattern,striped
gucci_spring_2016_mens_002,silhouette,structured_tailored
gucci_spring_2016_mens_004,embellishment,oversized_eyewear
gucci_spring_2016_mens_004,fabric_texture,brocade_jacquard
gucci_spring_2016_mens_004,neckline_collar,classic_shirt_collar
gucci_spring_2016_mens_004,pattern,psychedelic_geometric
gucci_spring_2016_mens_004,silhouette,structured_tailored
gucci_spring_2016_mens_005,embellishment,statement_bow
gucci_spring_2016_mens_005,fabric_texture,brocade_jacquard
gucci_spring_2016_mens_005,neckline_collar,classic_shirt_collar
gucci_spring_2016_mens_005,pattern,floral_print
gucci_spring_2016_mens_005,silhouette,structured_tailored
gucci_spring_2016_womens_005,embellishment,oversized_eyewear
gucci_spring_2016_womens_005,fabric_texture,leather
gucci_spring_2016_womens_005,neckline_collar,classic_shirt_collar
gucci_spring_2016_womens_005,pattern,floral_print
gucci_spring_2016_womens_005,silhouette,structured_tailored
gucci_spring_2016_womens_008,embellishment,crystal_rhinestone
gucci_spring_2016_womens_008,fabric_texture,silk
gucci_spring_2016_womens_008,neckline_collar,peter_pan_collar
gucci_spring_2016_womens_008,pattern,solid_no_pattern
gucci_spring_2016_womens_008,silhouette,maxi_length
gucci_spring_2016_womens_010,embellishment,embroidery
gucci_spring_2016_womens_010,fabric_texture,velvet
gucci_spring_2016_womens_010,neckline_collar,turtleneck
gucci_spring_2016_womens_010,pattern,psychedelic_geometric
gucci_spring_2016_womens_010,silhouette,maxi_length
gucci_spring_2017_mens_001,embellishment,crystal_rhinestone
gucci_spring_2017_mens_001,fabric_texture,cotton_jersey
gucci_spring_2017_mens_001,neckline_collar,peter_pan_collar
gucci_spring_2017_mens_001,pattern,solid_no_pattern
gucci_spring_2017_mens_001,silhouette,oversized_boxy
gucci_spring_2017_mens_003,embellishment,oversized_eyewear
gucci_spring_2017_mens_003,fabric_texture,cotton_jersey
gucci_spring_2017_mens_003,neckline_collar,crew_neckline
gucci_spring_2017_mens_003,pattern,graphic_print
gucci_spring_2017_mens_003,silhouette,casual_relaxed
gucci_spring_2017_mens_007,embellishment,crystal_rhinestone
gucci_spring_2017_mens_007,fabric_texture,leather
gucci_spring_2017_mens_007,neckline_collar,turtleneck
gucci_spring_2017_mens_007,pattern,solid_no_pattern
gucci_spring_2017_mens_007,silhouette,layered_eclectic
gucci_spring_2017_womens_003,embellishment,embroidery
gucci_spring_2017_womens_003,fabric_texture,lace
gucci_spring_2017_womens_003,neckline_collar,plunging_neckline
gucci_spring_2017_womens_003,pattern,solid_no_pattern
gucci_spring_2017_womens_003,silhouette,maxi_length
gucci_spring_2017_womens_005,embellishment,statement_bow
gucci_spring_2017_womens_005,fabric_texture,faux_fur_trim
gucci_spring_2017_womens_005,neckline_collar,peter_pan_collar
gucci_spring_2017_womens_005,pattern,animal_print
gucci_spring_2017_womens_005,silhouette,oversized_boxy
gucci_spring_2017_womens_006,embellishment,oversized_eyewear
gucci_spring_2017_womens_006,fabric_texture,brocade_jacquard
gucci_spring_2017_womens_006,neckline_collar,pussy_bow
gucci_spring_2017_womens_006,pattern,animal_print
gucci_spring_2017_womens_006,silhouette,structured_tailored
gucci_spring_2018_mens_006,embellishment,crystal_rhinestone
gucci_spring_2018_mens_006,fabric_texture,not_sure
gucci_spring_2018_mens_006,neckline_collar,classic_shirt_collar
gucci_spring_2018_mens_006,pattern,solid_no_pattern
gucci_spring_2018_mens_006,silhouette,structured_tailored
gucci_spring_2018_mens_007,embellishment,layered_jewelry
gucci_spring_2018_mens_007,fabric_texture,cotton_jersey
gucci_spring_2018_mens_007,neckline_collar,plunging_neckline
gucci_spring_2018_mens_007,pattern,solid_no_pattern
gucci_spring_2018_mens_007,silhouette,oversized_boxy
gucci_spring_2018_mens_013,embellishment,not_sure
gucci_spring_2018_mens_013,fabric_texture,brocade_jacquard
gucci_spring_2018_mens_013,neckline_collar,classic_shirt_collar
gucci_spring_2018_mens_013,pattern,floral_print
gucci_spring_2018_mens_013,silhouette,oversized_boxy
gucci_spring_2018_womens_002,embellishment,oversized_eyewear
gucci_spring_2018_womens_002,fabric_texture,silk
gucci_spring_2018_womens_002,neckline_collar,ruffled_high_collar
gucci_spring_2018_womens_002,pattern,polka_dot
gucci_spring_2018_womens_002,silhouette,romantic_bohemian
gucci_spring_2018_womens_007,embellishment,layered_jewelry
gucci_spring_2018_womens_007,fabric_texture,leather
gucci_spring_2018_womens_007,neckline_collar,ruffled_high_collar
gucci_spring_2018_womens_007,pattern,solid_no_pattern
gucci_spring_2018_womens_007,silhouette,mini_length
gucci_spring_2018_womens_015,embellishment,embroidery
gucci_spring_2018_womens_015,fabric_texture,lace
gucci_spring_2018_womens_015,neckline_collar,plunging_neckline
gucci_spring_2018_womens_015,pattern,solid_no_pattern
gucci_spring_2018_womens_015,silhouette,maxi_length
gucci_spring_2019_mens_004,embellishment,not_sure
gucci_spring_2019_mens_004,fabric_texture,silk
gucci_spring_2019_mens_004,neckline_collar,peter_pan_collar
gucci_spring_2019_mens_004,pattern,floral_print
gucci_spring_2019_mens_004,silhouette,layered_eclectic
gucci_spring_2019_mens_012,embellishment,oversized_eyewear
gucci_spring_2019_mens_012,fabric_texture,velvet
gucci_spring_2019_mens_012,neckline_collar,not_sure
gucci_spring_2019_mens_012,pattern,floral_print
gucci_spring_2019_mens_012,silhouette,layered_eclectic
gucci_spring_2019_mens_014,embellishment,oversized_eyewear
gucci_spring_2019_mens_014,fabric_texture,silk
gucci_spring_2019_mens_014,neckline_collar,classic_shirt_collar
gucci_spring_2019_mens_014,pattern,logo_monogram
gucci_spring_2019_mens_014,silhouette,structured_tailored
gucci_spring_2019_womens_009,embellishment,oversized_eyewear
gucci_spring_2019_womens_009,fabric_texture,silk
gucci_spring_2019_womens_009,neckline_collar,turtleneck
gucci_spring_2019_womens_009,pattern,striped
gucci_spring_2019_womens_009,silhouette,oversized_boxy
gucci_spring_2019_womens_012,embellishment,applique_patches
gucci_spring_2019_womens_012,fabric_texture,cotton_jersey
gucci_spring_2019_womens_012,neckline_collar,crew_neckline
gucci_spring_2019_womens_012,pattern,graphic_print
gucci_spring_2019_womens_012,silhouette,casual_relaxed
gucci_spring_2019_womens_013,embellishment,oversized_eyewear
gucci_spring_2019_womens_013,fabric_texture,silk
gucci_spring_2019_womens_013,neckline_collar,turtleneck
gucci_spring_2019_womens_013,pattern,floral_print
gucci_spring_2019_womens_013,silhouette,romantic_bohemian
