look_id,axis,your_old_label,clip_new_label
gucci_fall_2015_mens_001,pattern,not_sure,solid_no_pattern
gucci_fall_2015_mens_001,silhouette,romantic_bohemian,casual_relaxed
gucci_fall_2015_mens_002,pattern,psychedelic_geometric,solid_no_pattern
gucci_fall_2015_mens_002,silhouette,romantic_bohemian,casual_relaxed
gucci_fall_2015_mens_005,fabric_texture,lace,cotton_jersey
gucci_fall_2015_mens_005,neckline_collar,pussy_bow,crew_neckline
gucci_fall_2015_mens_005,pattern,not_sure,solid_no_pattern
gucci_fall_2015_mens_005,silhouette,romantic_bohemian,casual_relaxed
gucci_fall_2015_womens_004,neckline_collar,pussy_bow,classic_shirt_collar
gucci_fall_2015_womens_013,neckline_collar,not_sure,classic_shirt_collar
gucci_fall_2015_womens_013,pattern,not_sure,solid_no_pattern
gucci_fall_2015_womens_013,silhouette,romantic_bohemian,casual_relaxed
gucci_fall_2016_mens_009,fabric_texture,brocade_jacquard,cotton_jersey
gucci_fall_2016_mens_009,neckline_collar,turtleneck,crew_neckline
gucci_fall_2016_mens_009,pattern,not_sure,solid_no_pattern
gucci_fall_2016_womens_001,pattern,not_sure,solid_no_pattern
gucci_fall_2016_womens_010,pattern,not_sure,solid_no_pattern
gucci_fall_2017_mens_002,neckline_collar,plunging_neckline,classic_shirt_collar
gucci_fall_2018_mens_001,fabric_texture,leather,cotton_jersey
gucci_fall_2018_mens_004,fabric_texture,lace,silk
gucci_fall_2018_mens_004,neckline_collar,plunging_neckline,crew_neckline
gucci_fall_2018_mens_004,pattern,not_sure,solid_no_pattern
gucci_fall_2018_womens_015,neckline_collar,plunging_neckline,crew_neckline
gucci_fall_2018_womens_015,silhouette,oversized_boxy,casual_relaxed
gucci_spring_2016_mens_002,embellishment,statement_bow,oversized_eyewear
gucci_spring_2016_mens_002,neckline_collar,peter_pan_collar,classic_shirt_collar
gucci_spring_2016_mens_004,embellishment,layered_jewelry,oversized_eyewear
gucci_spring_2016_mens_004,neckline_collar,peter_pan_collar,classic_shirt_collar
gucci_spring_2016_mens_005,neckline_collar,pussy_bow,classic_shirt_collar
gucci_spring_2016_womens_005,embellishment,embroidery,oversized_eyewear
gucci_spring_2016_womens_005,neckline_collar,not_sure,classic_shirt_collar
gucci_spring_2016_womens_008,fabric_texture,lace,silk
gucci_spring_2016_womens_008,pattern,not_sure,solid_no_pattern
gucci_spring_2016_womens_010,neckline_collar,turtleneck,crew_neckline
gucci_spring_2017_mens_001,fabric_texture,lace,cotton_jersey
gucci_spring_2017_mens_003,embellishment,not_sure,oversized_eyewear
gucci_spring_2017_mens_003,fabric_texture,not_sure,cotton_jersey
gucci_spring_2017_mens_003,neckline_collar,not_sure,classic_shirt_collar
gucci_spring_2017_mens_003,pattern,logo_monogram,graphic_print
gucci_spring_2017_mens_003,silhouette,structured_tailored,casual_relaxed
gucci_spring_2017_mens_007,neckline_collar,turtleneck,classic_shirt_collar
gucci_spring_2017_womens_003,pattern,not_sure,solid_no_pattern
gucci_spring_2017_womens_005,fabric_texture,faux_fur_trim,silk
gucci_spring_2017_womens_006,embellishment,statement_bow,oversized_eyewear
gucci_spring_2018_mens_006,embellishment,crystal_rhinestone,oversized_eyewear
gucci_spring_2018_mens_006,pattern,not_sure,solid_no_pattern
gucci_spring_2018_mens_007,embellishment,layered_jewelry,oversized_eyewear
gucci_spring_2018_mens_007,neckline_collar,plunging_neckline,classic_shirt_collar
gucci_spring_2018_mens_007,pattern,not_sure,solid_no_pattern
gucci_spring_2018_womens_002,embellishment,statement_bow,oversized_eyewear
gucci_spring_2018_womens_007,pattern,not_sure,solid_no_pattern
gucci_spring_2018_womens_015,pattern,floral_print,solid_no_pattern
gucci_spring_2019_mens_004,fabric_texture,not_sure,cotton_jersey
gucci_spring_2019_mens_014,embellishment,crystal_rhinestone,oversized_eyewear
gucci_spring_2019_mens_014,neckline_collar,not_sure,classic_shirt_collar
gucci_spring_2019_womens_012,fabric_texture,not_sure,cotton_jersey
gucci_spring_2019_womens_012,pattern,not_sure,graphic_print
gucci_spring_2019_womens_013,embellishment,not_sure,oversized_eyewear
