season_index,season,year,line,axis,label,count,n_images,prevalence
1,Fall,2015,mens,color,beige_tan,0,10,0.0
1,Fall,2015,mens,color,black,4,10,0.4
1,Fall,2015,mens,color,blue,0,10,0.0
1,Fall,2015,mens,color,brown,4,10,0.4
1,Fall,2015,mens,color,burgundy,1,10,0.1
1,Fall,2015,mens,color,gold_yellow,0,10,0.0
1,Fall,2015,mens,color,gray,1,10,0.1
1,Fall,2015,mens,color,green,0,10,0.0
1,Fall,2015,mens,color,navy,0,10,0.0
1,Fall,2015,mens,color,olive_khaki,0,10,0.0
1,Fall,2015,mens,color,orange,0,10,0.0
1,Fall,2015,mens,color,pink,0,10,0.0
1,Fall,2015,mens,color,purple,0,10,0.0
1,Fall,2015,mens,color,red,0,10,0.0
1,Fall,2015,mens,color,teal,0,10,0.0
1,Fall,2015,mens,color,white,0,10,0.0
1,Fall,2015,mens,embellishment,applique_patches,2,10,0.2
1,Fall,2015,mens,embellishment,crystal_rhinestone,0,10,0.0
1,Fall,2015,mens,embellishment,embroidery,0,10,0.0
1,Fall,2015,mens,embellishment,layered_jewelry,3,10,0.3
1,Fall,2015,mens,embellishment,oversized_eyewear,3,10,0.3
1,Fall,2015,mens,embellishment,pearls,0,10,0.0
1,Fall,2015,mens,embellishment,statement_bow,2,10,0.2
1,Fall,2015,mens,fabric_texture,brocade_jacquard,0,10,0.0
1,Fall,2015,mens,fabric_texture,cotton_jersey,2,10,0.2
1,Fall,2015,mens,fabric_texture,faux_fur_trim,1,10,0.1
1,Fall,2015,mens,fabric_texture,lace,0,10,0.0
1,Fall,2015,mens,fabric_texture,leather,7,10,0.7
1,Fall,2015,mens,fabric_texture,sequined_metallic,0,10,0.0
1,Fall,2015,mens,fabric_texture,silk,0,10,0.0
1,Fall,2015,mens,fabric_texture,velvet,0,10,0.0
1,Fall,2015,mens,neckline_collar,classic_shirt_collar,4,10,0.4
1,Fall,2015,mens,neckline_collar,crew_neckline,1,10,0.1
1,Fall,2015,mens,neckline_collar,peter_pan_collar,1,10,0.1
1,Fall,2015,mens,neckline_collar,plunging_neckline,0,10,0.0
1,Fall,2015,mens,neckline_collar,pussy_bow,1,10,0.1
1,Fall,2015,mens,neckline_collar,ruffled_high_collar,0,10,0.0
1,Fall,2015,mens,neckline_collar,turtleneck,3,10,0.3
1,Fall,2015,mens,pattern,animal_print,1,10,0.1
1,Fall,2015,mens,pattern,floral_print,1,10,0.1
1,Fall,2015,mens,pattern,graphic_print,0,10,0.0
1,Fall,2015,mens,pattern,logo_monogram,2,10,0.2
1,Fall,2015,mens,pattern,polka_dot,1,10,0.1
1,Fall,2015,mens,pattern,psychedelic_geometric,0,10,0.0
1,Fall,2015,mens,pattern,solid_no_pattern,5,10,0.5
1,Fall,2015,mens,pattern,striped,0,10,0.0
1,Fall,2015,mens,silhouette,casual_relaxed,3,10,0.3
1,Fall,2015,mens,silhouette,layered_eclectic,0,10,0.0
1,Fall,2015,mens,silhouette,maxi_length,0,10,0.0
1,Fall,2015,mens,silhouette,mini_length,1,10,0.1
1,Fall,2015,mens,silhouette,oversized_boxy,1,10,0.1
1,Fall,2015,mens,silhouette,romantic_bohemian,1,10,0.1
1,Fall,2015,mens,silhouette,seventies_flared,0,10,0.0
1,Fall,2015,mens,silhouette,structured_tailored,4,10,0.4
1,Fall,2015,womens,color,beige_tan,1,13,0.07692307692307693
1,Fall,2015,womens,color,black,1,13,0.07692307692307693
1,Fall,2015,womens,color,blue,0,13,0.0
1,Fall,2015,womens,color,brown,5,13,0.38461538461538464
1,Fall,2015,womens,color,burgundy,0,13,0.0
1,Fall,2015,womens,color,gold_yellow,0,13,0.0
1,Fall,2015,womens,color,gray,6,13,0.46153846153846156
1,Fall,2015,womens,color,green,0,13,0.0
1,Fall,2015,womens,color,navy,0,13,0.0
1,Fall,2015,womens,color,olive_khaki,0,13,0.0
1,Fall,2015,womens,color,orange,0,13,0.0
1,Fall,2015,womens,color,pink,0,13,0.0
1,Fall,2015,womens,color,purple,0,13,0.0
1,Fall,2015,womens,color,red,0,13,0.0
1,Fall,2015,womens,color,teal,0,13,0.0
1,Fall,2015,womens,color,white,0,13,0.0
1,Fall,2015,womens,embellishment,applique_patches,1,13,0.07692307692307693
1,Fall,2015,womens,embellishment,crystal_rhinestone,0,13,0.0
1,Fall,2015,womens,embellishment,embroidery,4,13,0.3076923076923077
1,Fall,2015,womens,embellishment,layered_jewelry,5,13,0.38461538461538464
1,Fall,2015,womens,embellishment,oversized_eyewear,2,13,0.15384615384615385
1,Fall,2015,womens,embellishment,pearls,0,13,0.0
1,Fall,2015,womens,embellishment,statement_bow,1,13,0.07692307692307693
1,Fall,2015,womens,fabric_texture,brocade_jacquard,3,13,0.23076923076923078
1,Fall,2015,womens,fabric_texture,cotton_jersey,0,13,0.0
1,Fall,2015,womens,fabric_texture,faux_fur_trim,3,13,0.23076923076923078
1,Fall,2015,womens,fabric_texture,lace,3,13,0.23076923076923078
1,Fall,2015,womens,fabric_texture,leather,3,13,0.23076923076923078
1,Fall,2015,womens,fabric_texture,sequined_metallic,0,13,0.0
1,Fall,2015,womens,fabric_texture,silk,1,13,0.07692307692307693
1,Fall,2015,womens,fabric_texture,velvet,0,13,0.0
1,Fall,2015,womens,neckline_collar,classic_shirt_collar,2,13,0.15384615384615385
1,Fall,2015,womens,neckline_collar,crew_neckline,2,13,0.15384615384615385
1,Fall,2015,womens,neckline_collar,peter_pan_collar,3,13,0.23076923076923078
1,Fall,2015,womens,neckline_collar,plunging_neckline,5,13,0.38461538461538464
1,Fall,2015,womens,neckline_collar,pussy_bow,1,13,0.07692307692307693
1,Fall,2015,womens,neckline_collar,ruffled_high_collar,0,13,0.0
1,Fall,2015,womens,neckline_collar,turtleneck,0,13,0.0
1,Fall,2015,womens,pattern,animal_print,3,13,0.23076923076923078
1,Fall,2015,womens,pattern,floral_print,3,13,0.23076923076923078
1,Fall,2015,womens,pattern,graphic_print,0,13,0.0
1,Fall,2015,womens,pattern,logo_monogram,0,13,0.0
1,Fall,2015,womens,pattern,polka_dot,1,13,0.07692307692307693
1,Fall,2015,womens,pattern,psychedelic_geometric,0,13,0.0
1,Fall,2015,womens,pattern,solid_no_pattern,4,13,0.3076923076923077
1,Fall,2015,womens,pattern,striped,2,13,0.15384615384615385
1,Fall,2015,womens,silhouette,casual_relaxed,1,13,0.07692307692307693
1,Fall,2015,womens,silhouette,layered_eclectic,2,13,0.15384615384615385
1,Fall,2015,womens,silhouette,maxi_length,1,13,0.07692307692307693
1,Fall,2015,womens,silhouette,mini_length,1,13,0.07692307692307693
1,Fall,2015,womens,silhouette,oversized_boxy,0,13,0.0
1,Fall,2015,womens,silhouette,romantic_bohemian,5,13,0.38461538461538464
1,Fall,2015,womens,silhouette,seventies_flared,0,13,0.0
1,Fall,2015,womens,silhouette,structured_tailored,3,13,0.23076923076923078
2,Spring,2016,mens,color,beige_tan,2,6,0.3333333333333333
2,Spring,2016,mens,color,black,0,6,0.0
2,Spring,2016,mens,color,blue,0,6,0.0
2,Spring,2016,mens,color,brown,0,6,0.0
2,Spring,2016,mens,color,burgundy,0,6,0.0
2,Spring,2016,mens,color,gold_yellow,0,6,0.0
2,Spring,2016,mens,color,gray,4,6,0.6666666666666666
2,Spring,2016,mens,color,green,0,6,0.0
2,Spring,2016,mens,color,navy,0,6,0.0
2,Spring,2016,mens,color,olive_khaki,0,6,0.0
2,Spring,2016,mens,color,orange,0,6,0.0
2,Spring,2016,mens,color,pink,0,6,0.0
2,Spring,2016,mens,color,purple,0,6,0.0
2,Spring,2016,mens,color,red,0,6,0.0
2,Spring,2016,mens,color,teal,0,6,0.0
2,Spring,2016,mens,color,white,0,6,0.0
2,Spring,2016,mens,embellishment,applique_patches,3,6,0.5
2,Spring,2016,mens,embellishment,crystal_rhinestone,1,6,0.16666666666666666
2,Spring,2016,mens,embellishment,embroidery,0,6,0.0
2,Spring,2016,mens,embellishment,layered_jewelry,0,6,0.0
2,Spring,2016,mens,embellishment,oversized_eyewear,2,6,0.3333333333333333
2,Spring,2016,mens,embellishment,pearls,0,6,0.0
2,Spring,2016,mens,embellishment,statement_bow,0,6,0.0
2,Spring,2016,mens,fabric_texture,brocade_jacquard,4,6,0.6666666666666666
2,Spring,2016,mens,fabric_texture,cotton_jersey,1,6,0.16666666666666666
2,Spring,2016,mens,fabric_texture,faux_fur_trim,0,6,0.0
2,Spring,2016,mens,fabric_texture,lace,0,6,0.0
2,Spring,2016,mens,fabric_texture,leather,0,6,0.0
2,Spring,2016,mens,fabric_texture,sequined_metallic,1,6,0.16666666666666666
2,Spring,2016,mens,fabric_texture,silk,0,6,0.0
2,Spring,2016,mens,fabric_texture,velvet,0,6,0.0
2,Spring,2016,mens,neckline_collar,classic_shirt_collar,6,6,1.0
2,Spring,2016,mens,neckline_collar,crew_neckline,0,6,0.0
2,Spring,2016,mens,neckline_collar,peter_pan_collar,0,6,0.0
2,Spring,2016,mens,neckline_collar,plunging_neckline,0,6,0.0
2,Spring,2016,mens,neckline_collar,pussy_bow,0,6,0.0
2,Spring,2016,mens,neckline_collar,ruffled_high_collar,0,6,0.0
2,Spring,2016,mens,neckline_collar,turtleneck,0,6,0.0
2,Spring,2016,mens,pattern,animal_print,0,6,0.0
2,Spring,2016,mens,pattern,floral_print,3,6,0.5
2,Spring,2016,mens,pattern,graphic_print,0,6,0.0
2,Spring,2016,mens,pattern,logo_monogram,0,6,0.0
2,Spring,2016,mens,pattern,polka_dot,2,6,0.3333333333333333
2,Spring,2016,mens,pattern,psychedelic_geometric,0,6,0.0
2,Spring,2016,mens,pattern,solid_no_pattern,0,6,0.0
2,Spring,2016,mens,pattern,striped,1,6,0.16666666666666666
2,Spring,2016,mens,silhouette,casual_relaxed,1,6,0.16666666666666666
2,Spring,2016,mens,silhouette,layered_eclectic,0,6,0.0
2,Spring,2016,mens,silhouette,maxi_length,1,6,0.16666666666666666
2,Spring,2016,mens,silhouette,mini_length,0,6,0.0
2,Spring,2016,mens,silhouette,oversized_boxy,0,6,0.0
2,Spring,2016,mens,silhouette,romantic_bohemian,0,6,0.0
2,Spring,2016,mens,silhouette,seventies_flared,0,6,0.0
2,Spring,2016,mens,silhouette,structured_tailored,4,6,0.6666666666666666
2,Spring,2016,womens,color,beige_tan,2,12,0.16666666666666666
2,Spring,2016,womens,color,black,0,12,0.0
2,Spring,2016,womens,color,blue,0,12,0.0
2,Spring,2016,womens,color,brown,1,12,0.08333333333333333
2,Spring,2016,womens,color,burgundy,0,12,0.0
2,Spring,2016,womens,color,gold_yellow,0,12,0.0
2,Spring,2016,womens,color,gray,9,12,0.75
2,Spring,2016,womens,color,green,0,12,0.0
2,Spring,2016,womens,color,navy,0,12,0.0
2,Spring,2016,womens,color,olive_khaki,0,12,0.0
2,Spring,2016,womens,color,orange,0,12,0.0
2,Spring,2016,womens,color,pink,0,12,0.0
2,Spring,2016,womens,color,purple,0,12,0.0
2,Spring,2016,womens,color,red,0,12,0.0
2,Spring,2016,womens,color,teal,0,12,0.0
2,Spring,2016,womens,color,white,0,12,0.0
2,Spring,2016,womens,embellishment,applique_patches,0,12,0.0
2,Spring,2016,womens,embellishment,crystal_rhinestone,0,12,0.0
2,Spring,2016,womens,embellishment,embroidery,6,12,0.5
2,Spring,2016,womens,embellishment,layered_jewelry,3,12,0.25
2,Spring,2016,womens,embellishment,oversized_eyewear,1,12,0.08333333333333333
2,Spring,2016,womens,embellishment,pearls,1,12,0.08333333333333333
2,Spring,2016,womens,embellishment,statement_bow,1,12,0.08333333333333333
2,Spring,2016,womens,fabric_texture,brocade_jacquard,5,12,0.4166666666666667
2,Spring,2016,womens,fabric_texture,cotton_jersey,0,12,0.0
2,Spring,2016,womens,fabric_texture,faux_fur_trim,0,12,0.0
2,Spring,2016,womens,fabric_texture,lace,6,12,0.5
2,Spring,2016,womens,fabric_texture,leather,0,12,0.0
2,Spring,2016,womens,fabric_texture,sequined_metallic,1,12,0.08333333333333333
2,Spring,2016,womens,fabric_texture,silk,0,12,0.0
2,Spring,2016,womens,fabric_texture,velvet,0,12,0.0
2,Spring,2016,womens,neckline_collar,classic_shirt_collar,1,12,0.08333333333333333
2,Spring,2016,womens,neckline_collar,crew_neckline,2,12,0.16666666666666666
2,Spring,2016,womens,neckline_collar,peter_pan_collar,1,12,0.08333333333333333
2,Spring,2016,womens,neckline_collar,plunging_neckline,7,12,0.5833333333333334
2,Spring,2016,womens,neckline_collar,pussy_bow,1,12,0.08333333333333333
2,Spring,2016,womens,neckline_collar,ruffled_high_collar,0,12,0.0
2,Spring,2016,womens,neckline_collar,turtleneck,0,12,0.0
2,Spring,2016,womens,pattern,animal_print,0,12,0.0
2,Spring,2016,womens,pattern,floral_print,9,12,0.75
2,Spring,2016,womens,pattern,graphic_print,0,12,0.0
2,Spring,2016,womens,pattern,logo_monogram,0,12,0.0
2,Spring,2016,womens,pattern,polka_dot,0,12,0.0
2,Spring,2016,womens,pattern,psychedelic_geometric,3,12,0.25
2,Spring,2016,womens,pattern,solid_no_pattern,0,12,0.0
2,Spring,2016,womens,pattern,striped,0,12,0.0
2,Spring,2016,womens,silhouette,casual_relaxed,0,12,0.0
2,Spring,2016,womens,silhouette,layered_eclectic,0,12,0.0
2,Spring,2016,womens,silhouette,maxi_length,1,12,0.08333333333333333
2,Spring,2016,womens,silhouette,mini_length,2,12,0.16666666666666666
2,Spring,2016,womens,silhouette,oversized_boxy,0,12,0.0
2,Spring,2016,womens,silhouette,romantic_bohemian,7,12,0.5833333333333334
2,Spring,2016,womens,silhouette,seventies_flared,0,12,0.0
2,Spring,2016,womens,silhouette,structured_tailored,2,12,0.16666666666666666
3,Fall,2016,mens,color,beige_tan,0,11,0.0
3,Fall,2016,mens,color,black,3,11,0.2727272727272727
3,Fall,2016,mens,color,blue,0,11,0.0
3,Fall,2016,mens,color,brown,1,11,0.09090909090909091
3,Fall,2016,mens,color,burgundy,7,11,0.6363636363636364
3,Fall,2016,mens,color,gold_yellow,0,11,0.0
3,Fall,2016,mens,color,gray,0,11,0.0
3,Fall,2016,mens,color,green,0,11,0.0
3,Fall,2016,mens,color,navy,0,11,0.0
3,Fall,2016,mens,color,olive_khaki,0,11,0.0
3,Fall,2016,mens,color,orange,0,11,0.0
3,Fall,2016,mens,color,pink,0,11,0.0
3,Fall,2016,mens,color,purple,0,11,0.0
3,Fall,2016,mens,color,red,0,11,0.0
3,Fall,2016,mens,color,teal,0,11,0.0
3,Fall,2016,mens,color,white,0,11,0.0
3,Fall,2016,mens,embellishment,applique_patches,1,11,0.09090909090909091
3,Fall,2016,mens,embellishment,crystal_rhinestone,2,11,0.18181818181818182
3,Fall,2016,mens,embellishment,embroidery,1,11,0.09090909090909091
3,Fall,2016,mens,embellishment,layered_jewelry,1,11,0.09090909090909091
3,Fall,2016,mens,embellishment,oversized_eyewear,0,11,0.0
3,Fall,2016,mens,embellishment,pearls,5,11,0.45454545454545453
3,Fall,2016,mens,embellishment,statement_bow,1,11,0.09090909090909091
3,Fall,2016,mens,fabric_texture,brocade_jacquard,0,11,0.0
3,Fall,2016,mens,fabric_texture,cotton_jersey,0,11,0.0
3,Fall,2016,mens,fabric_texture,faux_fur_trim,3,11,0.2727272727272727
3,Fall,2016,mens,fabric_texture,lace,1,11,0.09090909090909091
3,Fall,2016,mens,fabric_texture,leather,1,11,0.09090909090909091
3,Fall,2016,mens,fabric_texture,sequined_metallic,2,11,0.18181818181818182
3,Fall,2016,mens,fabric_texture,silk,1,11,0.09090909090909091
3,Fall,2016,mens,fabric_texture,velvet,3,11,0.2727272727272727
3,Fall,2016,mens,neckline_collar,classic_shirt_collar,2,11,0.18181818181818182
3,Fall,2016,mens,neckline_collar,crew_neckline,1,11,0.09090909090909091
3,Fall,2016,mens,neckline_collar,peter_pan_collar,2,11,0.18181818181818182
3,Fall,2016,mens,neckline_collar,plunging_neckline,5,11,0.45454545454545453
3,Fall,2016,mens,neckline_collar,pussy_bow,0,11,0.0
3,Fall,2016,mens,neckline_collar,ruffled_high_collar,0,11,0.0
3,Fall,2016,mens,neckline_collar,turtleneck,1,11,0.09090909090909091
3,Fall,2016,mens,pattern,animal_print,5,11,0.45454545454545453
3,Fall,2016,mens,pattern,floral_print,1,11,0.09090909090909091
3,Fall,2016,mens,pattern,graphic_print,0,11,0.0
3,Fall,2016,mens,pattern,logo_monogram,0,11,0.0
3,Fall,2016,mens,pattern,polka_dot,1,11,0.09090909090909091
3,Fall,2016,mens,pattern,psychedelic_geometric,0,11,0.0
3,Fall,2016,mens,pattern,solid_no_pattern,4,11,0.36363636363636365
3,Fall,2016,mens,pattern,striped,0,11,0.0
3,Fall,2016,mens,silhouette,casual_relaxed,0,11,0.0
3,Fall,2016,mens,silhouette,layered_eclectic,0,11,0.0
3,Fall,2016,mens,silhouette,maxi_length,1,11,0.09090909090909091
3,Fall,2016,mens,silhouette,mini_length,1,11,0.09090909090909091
3,Fall,2016,mens,silhouette,oversized_boxy,0,11,0.0
3,Fall,2016,mens,silhouette,romantic_bohemian,3,11,0.2727272727272727
3,Fall,2016,mens,silhouette,seventies_flared,0,11,0.0
3,Fall,2016,mens,silhouette,structured_tailored,6,11,0.5454545454545454
3,Fall,2016,womens,color,beige_tan,0,14,0.0
3,Fall,2016,womens,color,black,11,14,0.7857142857142857
3,Fall,2016,womens,color,blue,0,14,0.0
3,Fall,2016,womens,color,brown,3,14,0.21428571428571427
3,Fall,2016,womens,color,burgundy,0,14,0.0
3,Fall,2016,womens,color,gold_yellow,0,14,0.0
3,Fall,2016,womens,color,gray,0,14,0.0
3,Fall,2016,womens,color,green,0,14,0.0
3,Fall,2016,womens,color,navy,0,14,0.0
3,Fall,2016,womens,color,olive_khaki,0,14,0.0
3,Fall,2016,womens,color,orange,0,14,0.0
3,Fall,2016,womens,color,pink,0,14,0.0
3,Fall,2016,womens,color,purple,0,14,0.0
3,Fall,2016,womens,color,red,0,14,0.0
3,Fall,2016,womens,color,teal,0,14,0.0
3,Fall,2016,womens,color,white,0,14,0.0
3,Fall,2016,womens,embellishment,applique_patches,1,14,0.07142857142857142
3,Fall,2016,womens,embellishment,crystal_rhinestone,4,14,0.2857142857142857
3,Fall,2016,womens,embellishment,embroidery,3,14,0.21428571428571427
3,Fall,2016,womens,embellishment,layered_jewelry,1,14,0.07142857142857142
3,Fall,2016,womens,embellishment,oversized_eyewear,0,14,0.0
3,Fall,2016,womens,embellishment,pearls,1,14,0.07142857142857142
3,Fall,2016,womens,embellishment,statement_bow,4,14,0.2857142857142857
3,Fall,2016,womens,fabric_texture,brocade_jacquard,1,14,0.07142857142857142
3,Fall,2016,womens,fabric_texture,cotton_jersey,0,14,0.0
3,Fall,2016,womens,fabric_texture,faux_fur_trim,2,14,0.14285714285714285
3,Fall,2016,womens,fabric_texture,lace,6,14,0.42857142857142855
3,Fall,2016,womens,fabric_texture,leather,3,14,0.21428571428571427
3,Fall,2016,womens,fabric_texture,sequined_metallic,2,14,0.14285714285714285
3,Fall,2016,womens,fabric_texture,silk,0,14,0.0
3,Fall,2016,womens,fabric_texture,velvet,0,14,0.0
3,Fall,2016,womens,neckline_collar,classic_shirt_collar,0,14,0.0
3,Fall,2016,womens,neckline_collar,crew_neckline,0,14,0.0
3,Fall,2016,womens,neckline_collar,peter_pan_collar,4,14,0.2857142857142857
3,Fall,2016,womens,neckline_collar,plunging_neckline,6,14,0.42857142857142855
3,Fall,2016,womens,neckline_collar,pussy_bow,2,14,0.14285714285714285
3,Fall,2016,womens,neckline_collar,ruffled_high_collar,1,14,0.07142857142857142
3,Fall,2016,womens,neckline_collar,turtleneck,1,14,0.07142857142857142
3,Fall,2016,womens,pattern,animal_print,3,14,0.21428571428571427
3,Fall,2016,womens,pattern,floral_print,4,14,0.2857142857142857
3,Fall,2016,womens,pattern,graphic_print,1,14,0.07142857142857142
3,Fall,2016,womens,pattern,logo_monogram,1,14,0.07142857142857142
3,Fall,2016,womens,pattern,polka_dot,0,14,0.0
3,Fall,2016,womens,pattern,psychedelic_geometric,2,14,0.14285714285714285
3,Fall,2016,womens,pattern,solid_no_pattern,3,14,0.21428571428571427
3,Fall,2016,womens,pattern,striped,0,14,0.0
3,Fall,2016,womens,silhouette,casual_relaxed,0,14,0.0
3,Fall,2016,womens,silhouette,layered_eclectic,0,14,0.0
3,Fall,2016,womens,silhouette,maxi_length,4,14,0.2857142857142857
3,Fall,2016,womens,silhouette,mini_length,4,14,0.2857142857142857
3,Fall,2016,womens,silhouette,oversized_boxy,0,14,0.0
3,Fall,2016,womens,silhouette,romantic_bohemian,4,14,0.2857142857142857
3,Fall,2016,womens,silhouette,seventies_flared,1,14,0.07142857142857142
3,Fall,2016,womens,silhouette,structured_tailored,1,14,0.07142857142857142
4,Spring,2017,mens,color,beige_tan,0,12,0.0
4,Spring,2017,mens,color,black,10,12,0.8333333333333334
4,Spring,2017,mens,color,blue,0,12,0.0
4,Spring,2017,mens,color,brown,1,12,0.08333333333333333
4,Spring,2017,mens,color,burgundy,0,12,0.0
4,Spring,2017,mens,color,gold_yellow,0,12,0.0
4,Spring,2017,mens,color,gray,0,12,0.0
4,Spring,2017,mens,color,green,1,12,0.08333333333333333
4,Spring,2017,mens,color,navy,0,12,0.0
4,Spring,2017,mens,color,olive_khaki,0,12,0.0
4,Spring,2017,mens,color,orange,0,12,0.0
4,Spring,2017,mens,color,pink,0,12,0.0
4,Spring,2017,mens,color,purple,0,12,0.0
4,Spring,2017,mens,color,red,0,12,0.0
4,Spring,2017,mens,color,teal,0,12,0.0
4,Spring,2017,mens,color,white,0,12,0.0
4,Spring,2017,mens,embellishment,applique_patches,10,12,0.8333333333333334
4,Spring,2017,mens,embellishment,crystal_rhinestone,0,12,0.0
4,Spring,2017,mens,embellishment,embroidery,1,12,0.08333333333333333
4,Spring,2017,mens,embellishment,layered_jewelry,0,12,0.0
4,Spring,2017,mens,embellishment,oversized_eyewear,1,12,0.08333333333333333
4,Spring,2017,mens,embellishment,pearls,0,12,0.0
4,Spring,2017,mens,embellishment,statement_bow,0,12,0.0
4,Spring,2017,mens,fabric_texture,brocade_jacquard,1,12,0.08333333333333333
4,Spring,2017,mens,fabric_texture,cotton_jersey,6,12,0.5
4,Spring,2017,mens,fabric_texture,faux_fur_trim,1,12,0.08333333333333333
4,Spring,2017,mens,fabric_texture,lace,0,12,0.0
4,Spring,2017,mens,fabric_texture,leather,3,12,0.25
4,Spring,2017,mens,fabric_texture,sequined_metallic,0,12,0.0
4,Spring,2017,mens,fabric_texture,silk,0,12,0.0
4,Spring,2017,mens,fabric_texture,velvet,1,12,0.08333333333333333
4,Spring,2017,mens,neckline_collar,classic_shirt_collar,4,12,0.3333333333333333
4,Spring,2017,mens,neckline_collar,crew_neckline,0,12,0.0
4,Spring,2017,mens,neckline_collar,peter_pan_collar,4,12,0.3333333333333333
4,Spring,2017,mens,neckline_collar,plunging_neckline,0,12,0.0
4,Spring,2017,mens,neckline_collar,pussy_bow,3,12,0.25
4,Spring,2017,mens,neckline_collar,ruffled_high_collar,0,12,0.0
4,Spring,2017,mens,neckline_collar,turtleneck,1,12,0.08333333333333333
4,Spring,2017,mens,pattern,animal_print,1,12,0.08333333333333333
4,Spring,2017,mens,pattern,floral_print,2,12,0.16666666666666666
4,Spring,2017,mens,pattern,graphic_print,1,12,0.08333333333333333
4,Spring,2017,mens,pattern,logo_monogram,4,12,0.3333333333333333
4,Spring,2017,mens,pattern,polka_dot,0,12,0.0
4,Spring,2017,mens,pattern,psychedelic_geometric,0,12,0.0
4,Spring,2017,mens,pattern,solid_no_pattern,2,12,0.16666666666666666
4,Spring,2017,mens,pattern,striped,2,12,0.16666666666666666
4,Spring,2017,mens,silhouette,casual_relaxed,1,12,0.08333333333333333
4,Spring,2017,mens,silhouette,layered_eclectic,1,12,0.08333333333333333
4,Spring,2017,mens,silhouette,maxi_length,0,12,0.0
4,Spring,2017,mens,silhouette,mini_length,3,12,0.25
4,Spring,2017,mens,silhouette,oversized_boxy,0,12,0.0
4,Spring,2017,mens,silhouette,romantic_bohemian,0,12,0.0
4,Spring,2017,mens,silhouette,seventies_flared,2,12,0.16666666666666666
4,Spring,2017,mens,silhouette,structured_tailored,5,12,0.4166666666666667
4,Spring,2017,womens,color,beige_tan,0,14,0.0
4,Spring,2017,womens,color,black,0,14,0.0
4,Spring,2017,womens,color,blue,0,14,0.0
4,Spring,2017,womens,color,brown,14,14,1.0
4,Spring,2017,womens,color,burgundy,0,14,0.0
4,Spring,2017,womens,color,gold_yellow,0,14,0.0
4,Spring,2017,womens,color,gray,0,14,0.0
4,Spring,2017,womens,color,green,0,14,0.0
4,Spring,2017,womens,color,navy,0,14,0.0
4,Spring,2017,womens,color,olive_khaki,0,14,0.0
4,Spring,2017,womens,color,orange,0,14,0.0
4,Spring,2017,womens,color,pink,0,14,0.0
4,Spring,2017,womens,color,purple,0,14,0.0
4,Spring,2017,womens,color,red,0,14,0.0
4,Spring,2017,womens,color,teal,0,14,0.0
4,Spring,2017,womens,color,white,0,14,0.0
4,Spring,2017,womens,embellishment,applique_patches,0,14,0.0
4,Spring,2017,womens,embellishment,crystal_rhinestone,5,14,0.35714285714285715
4,Spring,2017,womens,embellishment,embroidery,2,14,0.14285714285714285
4,Spring,2017,womens,embellishment,layered_jewelry,1,14,0.07142857142857142
4,Spring,2017,womens,embellishment,oversized_eyewear,4,14,0.2857142857142857
4,Spring,2017,womens,embellishment,pearls,1,14,0.07142857142857142
4,Spring,2017,womens,embellishment,statement_bow,1,14,0.07142857142857142
4,Spring,2017,womens,fabric_texture,brocade_jacquard,0,14,0.0
4,Spring,2017,womens,fabric_texture,cotton_jersey,0,14,0.0
4,Spring,2017,womens,fabric_texture,faux_fur_trim,0,14,0.0
4,Spring,2017,womens,fabric_texture,lace,7,14,0.5
4,Spring,2017,womens,fabric_texture,leather,2,14,0.14285714285714285
4,Spring,2017,womens,fabric_texture,sequined_metallic,3,14,0.21428571428571427
4,Spring,2017,womens,fabric_texture,silk,1,14,0.07142857142857142
4,Spring,2017,womens,fabric_texture,velvet,1,14,0.07142857142857142
4,Spring,2017,womens,neckline_collar,classic_shirt_collar,1,14,0.07142857142857142
4,Spring,2017,womens,neckline_collar,crew_neckline,0,14,0.0
4,Spring,2017,womens,neckline_collar,peter_pan_collar,1,14,0.07142857142857142
4,Spring,2017,womens,neckline_collar,plunging_neckline,8,14,0.5714285714285714
4,Spring,2017,womens,neckline_collar,pussy_bow,2,14,0.14285714285714285
4,Spring,2017,womens,neckline_collar,ruffled_high_collar,2,14,0.14285714285714285
4,Spring,2017,womens,neckline_collar,turtleneck,0,14,0.0
4,Spring,2017,womens,pattern,animal_print,3,14,0.21428571428571427
4,Spring,2017,womens,pattern,floral_print,6,14,0.42857142857142855
4,Spring,2017,womens,pattern,graphic_print,1,14,0.07142857142857142
4,Spring,2017,womens,pattern,logo_monogram,0,14,0.0
4,Spring,2017,womens,pattern,polka_dot,2,14,0.14285714285714285
4,Spring,2017,womens,pattern,psychedelic_geometric,1,14,0.07142857142857142
4,Spring,2017,womens,pattern,solid_no_pattern,1,14,0.07142857142857142
4,Spring,2017,womens,pattern,striped,0,14,0.0
4,Spring,2017,womens,silhouette,casual_relaxed,1,14,0.07142857142857142
4,Spring,2017,womens,silhouette,layered_eclectic,0,14,0.0
4,Spring,2017,womens,silhouette,maxi_length,6,14,0.42857142857142855
4,Spring,2017,womens,silhouette,mini_length,1,14,0.07142857142857142
4,Spring,2017,womens,silhouette,oversized_boxy,0,14,0.0
4,Spring,2017,womens,silhouette,romantic_bohemian,6,14,0.42857142857142855
4,Spring,2017,womens,silhouette,seventies_flared,0,14,0.0
4,Spring,2017,womens,silhouette,structured_tailored,0,14,0.0
5,Fall,2017,mens,color,beige_tan,2,14,0.14285714285714285
5,Fall,2017,mens,color,black,0,14,0.0
5,Fall,2017,mens,color,blue,0,14,0.0
5,Fall,2017,mens,color,brown,0,14,0.0
5,Fall,2017,mens,color,burgundy,0,14,0.0
5,Fall,2017,mens,color,gold_yellow,0,14,0.0
5,Fall,2017,mens,color,gray,12,14,0.8571428571428571
5,Fall,2017,mens,color,green,0,14,0.0
5,Fall,2017,mens,color,navy,0,14,0.0
5,Fall,2017,mens,color,olive_khaki,0,14,0.0
5,Fall,2017,mens,color,orange,0,14,0.0
5,Fall,2017,mens,color,pink,0,14,0.0
5,Fall,2017,mens,color,purple,0,14,0.0
5,Fall,2017,mens,color,red,0,14,0.0
5,Fall,2017,mens,color,teal,0,14,0.0
5,Fall,2017,mens,color,white,0,14,0.0
5,Fall,2017,mens,embellishment,applique_patches,7,14,0.5
5,Fall,2017,mens,embellishment,crystal_rhinestone,0,14,0.0
5,Fall,2017,mens,embellishment,embroidery,1,14,0.07142857142857142
5,Fall,2017,mens,embellishment,layered_jewelry,0,14,0.0
5,Fall,2017,mens,embellishment,oversized_eyewear,3,14,0.21428571428571427
5,Fall,2017,mens,embellishment,pearls,0,14,0.0
5,Fall,2017,mens,embellishment,statement_bow,3,14,0.21428571428571427
5,Fall,2017,mens,fabric_texture,brocade_jacquard,3,14,0.21428571428571427
5,Fall,2017,mens,fabric_texture,cotton_jersey,2,14,0.14285714285714285
5,Fall,2017,mens,fabric_texture,faux_fur_trim,3,14,0.21428571428571427
5,Fall,2017,mens,fabric_texture,lace,2,14,0.14285714285714285
5,Fall,2017,mens,fabric_texture,leather,2,14,0.14285714285714285
5,Fall,2017,mens,fabric_texture,sequined_metallic,1,14,0.07142857142857142
5,Fall,2017,mens,fabric_texture,silk,0,14,0.0
5,Fall,2017,mens,fabric_texture,velvet,1,14,0.07142857142857142
5,Fall,2017,mens,neckline_collar,classic_shirt_collar,3,14,0.21428571428571427
5,Fall,2017,mens,neckline_collar,crew_neckline,1,14,0.07142857142857142
5,Fall,2017,mens,neckline_collar,peter_pan_collar,4,14,0.2857142857142857
5,Fall,2017,mens,neckline_collar,plunging_neckline,0,14,0.0
5,Fall,2017,mens,neckline_collar,pussy_bow,5,14,0.35714285714285715
5,Fall,2017,mens,neckline_collar,ruffled_high_collar,0,14,0.0
5,Fall,2017,mens,neckline_collar,turtleneck,1,14,0.07142857142857142
5,Fall,2017,mens,pattern,animal_print,0,14,0.0
5,Fall,2017,mens,pattern,floral_print,3,14,0.21428571428571427
5,Fall,2017,mens,pattern,graphic_print,0,14,0.0
5,Fall,2017,mens,pattern,logo_monogram,2,14,0.14285714285714285
5,Fall,2017,mens,pattern,polka_dot,3,14,0.21428571428571427
5,Fall,2017,mens,pattern,psychedelic_geometric,3,14,0.21428571428571427
5,Fall,2017,mens,pattern,solid_no_pattern,1,14,0.07142857142857142
5,Fall,2017,mens,pattern,striped,2,14,0.14285714285714285
5,Fall,2017,mens,silhouette,casual_relaxed,1,14,0.07142857142857142
5,Fall,2017,mens,silhouette,layered_eclectic,5,14,0.35714285714285715
5,Fall,2017,mens,silhouette,maxi_length,2,14,0.14285714285714285
5,Fall,2017,mens,silhouette,mini_length,2,14,0.14285714285714285
5,Fall,2017,mens,silhouette,oversized_boxy,0,14,0.0
5,Fall,2017,mens,silhouette,romantic_bohemian,0,14,0.0
5,Fall,2017,mens,silhouette,seventies_flared,0,14,0.0
5,Fall,2017,mens,silhouette,structured_tailored,4,14,0.2857142857142857
5,Fall,2017,womens,color,beige_tan,2,14,0.14285714285714285
5,Fall,2017,womens,color,black,1,14,0.07142857142857142
5,Fall,2017,womens,color,blue,0,14,0.0
5,Fall,2017,womens,color,brown,3,14,0.21428571428571427
5,Fall,2017,womens,color,burgundy,0,14,0.0
5,Fall,2017,womens,color,gold_yellow,0,14,0.0
5,Fall,2017,womens,color,gray,8,14,0.5714285714285714
5,Fall,2017,womens,color,green,0,14,0.0
5,Fall,2017,womens,color,navy,0,14,0.0
5,Fall,2017,womens,color,olive_khaki,0,14,0.0
5,Fall,2017,womens,color,orange,0,14,0.0
5,Fall,2017,womens,color,pink,0,14,0.0
5,Fall,2017,womens,color,purple,0,14,0.0
5,Fall,2017,womens,color,red,0,14,0.0
5,Fall,2017,womens,color,teal,0,14,0.0
5,Fall,2017,womens,color,white,0,14,0.0
5,Fall,2017,womens,embellishment,applique_patches,4,14,0.2857142857142857
5,Fall,2017,womens,embellishment,crystal_rhinestone,0,14,0.0
5,Fall,2017,womens,embellishment,embroidery,4,14,0.2857142857142857
5,Fall,2017,womens,embellishment,layered_jewelry,0,14,0.0
5,Fall,2017,womens,embellishment,oversized_eyewear,2,14,0.14285714285714285
5,Fall,2017,womens,embellishment,pearls,0,14,0.0
5,Fall,2017,womens,embellishment,statement_bow,4,14,0.2857142857142857
5,Fall,2017,womens,fabric_texture,brocade_jacquard,6,14,0.42857142857142855
5,Fall,2017,womens,fabric_texture,cotton_jersey,0,14,0.0
5,Fall,2017,womens,fabric_texture,faux_fur_trim,3,14,0.21428571428571427
5,Fall,2017,womens,fabric_texture,lace,2,14,0.14285714285714285
5,Fall,2017,womens,fabric_texture,leather,1,14,0.07142857142857142
5,Fall,2017,womens,fabric_texture,sequined_metallic,2,14,0.14285714285714285
5,Fall,2017,womens,fabric_texture,silk,0,14,0.0
5,Fall,2017,womens,fabric_texture,velvet,0,14,0.0
5,Fall,2017,womens,neckline_collar,classic_shirt_collar,0,14,0.0
5,Fall,2017,womens,neckline_collar,crew_neckline,3,14,0.21428571428571427
5,Fall,2017,womens,neckline_collar,peter_pan_collar,7,14,0.5
5,Fall,2017,womens,neckline_collar,plunging_neckline,2,14,0.14285714285714285
5,Fall,2017,womens,neckline_collar,pussy_bow,0,14,0.0
5,Fall,2017,womens,neckline_collar,ruffled_high_collar,2,14,0.14285714285714285
5,Fall,2017,womens,neckline_collar,turtleneck,0,14,0.0
5,Fall,2017,womens,pattern,animal_print,0,14,0.0
5,Fall,2017,womens,pattern,floral_print,7,14,0.5
5,Fall,2017,womens,pattern,graphic_print,0,14,0.0
5,Fall,2017,womens,pattern,logo_monogram,1,14,0.07142857142857142
5,Fall,2017,womens,pattern,polka_dot,0,14,0.0
5,Fall,2017,womens,pattern,psychedelic_geometric,3,14,0.21428571428571427
5,Fall,2017,womens,pattern,solid_no_pattern,0,14,0.0
5,Fall,2017,womens,pattern,striped,3,14,0.21428571428571427
5,Fall,2017,womens,silhouette,casual_relaxed,0,14,0.0
5,Fall,2017,womens,silhouette,layered_eclectic,6,14,0.42857142857142855
5,Fall,2017,womens,silhouette,maxi_length,5,14,0.35714285714285715
5,Fall,2017,womens,silhouette,mini_length,0,14,0.0
5,Fall,2017,womens,silhouette,oversized_boxy,0,14,0.0
5,Fall,2017,womens,silhouette,romantic_bohemian,3,14,0.21428571428571427
5,Fall,2017,womens,silhouette,seventies_flared,0,14,0.0
5,Fall,2017,womens,silhouette,structured_tailored,0,14,0.0
6,Spring,2018,mens,color,beige_tan,0,16,0.0
6,Spring,2018,mens,color,black,12,16,0.75
6,Spring,2018,mens,color,blue,3,16,0.1875
6,Spring,2018,mens,color,brown,0,16,0.0
6,Spring,2018,mens,color,burgundy,0,16,0.0
6,Spring,2018,mens,color,gold_yellow,0,16,0.0
6,Spring,2018,mens,color,gray,0,16,0.0
6,Spring,2018,mens,color,green,0,16,0.0
6,Spring,2018,mens,color,navy,1,16,0.0625
6,Spring,2018,mens,color,olive_khaki,0,16,0.0
6,Spring,2018,mens,color,orange,0,16,0.0
6,Spring,2018,mens,color,pink,0,16,0.0
6,Spring,2018,mens,color,purple,0,16,0.0
6,Spring,2018,mens,color,red,0,16,0.0
6,Spring,2018,mens,color,teal,0,16,0.0
6,Spring,2018,mens,color,white,0,16,0.0
6,Spring,2018,mens,embellishment,applique_patches,2,16,0.125
6,Spring,2018,mens,embellishment,crystal_rhinestone,0,16,0.0
6,Spring,2018,mens,embellishment,embroidery,2,16,0.125
6,Spring,2018,mens,embellishment,layered_jewelry,0,16,0.0
6,Spring,2018,mens,embellishment,oversized_eyewear,10,16,0.625
6,Spring,2018,mens,embellishment,pearls,0,16,0.0
6,Spring,2018,mens,embellishment,statement_bow,2,16,0.125
6,Spring,2018,mens,fabric_texture,brocade_jacquard,1,16,0.0625
6,Spring,2018,mens,fabric_texture,cotton_jersey,4,16,0.25
6,Spring,2018,mens,fabric_texture,faux_fur_trim,3,16,0.1875
6,Spring,2018,mens,fabric_texture,lace,1,16,0.0625
6,Spring,2018,mens,fabric_texture,leather,5,16,0.3125
6,Spring,2018,mens,fabric_texture,sequined_metallic,0,16,0.0
6,Spring,2018,mens,fabric_texture,silk,0,16,0.0
6,Spring,2018,mens,fabric_texture,velvet,2,16,0.125
6,Spring,2018,mens,neckline_collar,classic_shirt_collar,9,16,0.5625
6,Spring,2018,mens,neckline_collar,crew_neckline,2,16,0.125
6,Spring,2018,mens,neckline_collar,peter_pan_collar,0,16,0.0
6,Spring,2018,mens,neckline_collar,plunging_neckline,0,16,0.0
6,Spring,2018,mens,neckline_collar,pussy_bow,3,16,0.1875
6,Spring,2018,mens,neckline_collar,ruffled_high_collar,0,16,0.0
6,Spring,2018,mens,neckline_collar,turtleneck,2,16,0.125
6,Spring,2018,mens,pattern,animal_print,0,16,0.0
6,Spring,2018,mens,pattern,floral_print,4,16,0.25
6,Spring,2018,mens,pattern,graphic_print,1,16,0.0625
6,Spring,2018,mens,pattern,logo_monogram,0,16,0.0
6,Spring,2018,mens,pattern,polka_dot,2,16,0.125
6,Spring,2018,mens,pattern,psychedelic_geometric,1,16,0.0625
6,Spring,2018,mens,pattern,solid_no_pattern,7,16,0.4375
6,Spring,2018,mens,pattern,striped,1,16,0.0625
6,Spring,2018,mens,silhouette,casual_relaxed,2,16,0.125
6,Spring,2018,mens,silhouette,layered_eclectic,0,16,0.0
6,Spring,2018,mens,silhouette,maxi_length,1,16,0.0625
6,Spring,2018,mens,silhouette,mini_length,2,16,0.125
6,Spring,2018,mens,silhouette,oversized_boxy,0,16,0.0
6,Spring,2018,mens,silhouette,romantic_bohemian,2,16,0.125
6,Spring,2018,mens,silhouette,seventies_flared,1,16,0.0625
6,Spring,2018,mens,silhouette,structured_tailored,8,16,0.5
6,Spring,2018,womens,color,beige_tan,0,15,0.0
6,Spring,2018,womens,color,black,11,15,0.7333333333333333
6,Spring,2018,womens,color,blue,4,15,0.26666666666666666
6,Spring,2018,womens,color,brown,0,15,0.0
6,Spring,2018,womens,color,burgundy,0,15,0.0
6,Spring,2018,womens,color,gold_yellow,0,15,0.0
6,Spring,2018,womens,color,gray,0,15,0.0
6,Spring,2018,womens,color,green,0,15,0.0
6,Spring,2018,womens,color,navy,0,15,0.0
6,Spring,2018,womens,color,olive_khaki,0,15,0.0
6,Spring,2018,womens,color,orange,0,15,0.0
6,Spring,2018,womens,color,pink,0,15,0.0
6,Spring,2018,womens,color,purple,0,15,0.0
6,Spring,2018,womens,color,red,0,15,0.0
6,Spring,2018,womens,color,teal,0,15,0.0
6,Spring,2018,womens,color,white,0,15,0.0
6,Spring,2018,womens,embellishment,applique_patches,2,15,0.13333333333333333
6,Spring,2018,womens,embellishment,crystal_rhinestone,0,15,0.0
6,Spring,2018,womens,embellishment,embroidery,5,15,0.3333333333333333
6,Spring,2018,womens,embellishment,layered_jewelry,1,15,0.06666666666666667
6,Spring,2018,womens,embellishment,oversized_eyewear,1,15,0.06666666666666667
6,Spring,2018,womens,embellishment,pearls,4,15,0.26666666666666666
6,Spring,2018,womens,embellishment,statement_bow,2,15,0.13333333333333333
6,Spring,2018,womens,fabric_texture,brocade_jacquard,0,15,0.0
6,Spring,2018,womens,fabric_texture,cotton_jersey,0,15,0.0
6,Spring,2018,womens,fabric_texture,faux_fur_trim,3,15,0.2
6,Spring,2018,womens,fabric_texture,lace,4,15,0.26666666666666666
6,Spring,2018,womens,fabric_texture,leather,2,15,0.13333333333333333
6,Spring,2018,womens,fabric_texture,sequined_metallic,4,15,0.26666666666666666
6,Spring,2018,womens,fabric_texture,silk,1,15,0.06666666666666667
6,Spring,2018,womens,fabric_texture,velvet,1,15,0.06666666666666667
6,Spring,2018,womens,neckline_collar,classic_shirt_collar,0,15,0.0
6,Spring,2018,womens,neckline_collar,crew_neckline,0,15,0.0
6,Spring,2018,womens,neckline_collar,peter_pan_collar,6,15,0.4
6,Spring,2018,womens,neckline_collar,plunging_neckline,4,15,0.26666666666666666
6,Spring,2018,womens,neckline_collar,pussy_bow,3,15,0.2
6,Spring,2018,womens,neckline_collar,ruffled_high_collar,2,15,0.13333333333333333
6,Spring,2018,womens,neckline_collar,turtleneck,0,15,0.0
6,Spring,2018,womens,pattern,animal_print,3,15,0.2
6,Spring,2018,womens,pattern,floral_print,3,15,0.2
6,Spring,2018,womens,pattern,graphic_print,2,15,0.13333333333333333
6,Spring,2018,womens,pattern,logo_monogram,1,15,0.06666666666666667
6,Spring,2018,womens,pattern,polka_dot,1,15,0.06666666666666667
6,Spring,2018,womens,pattern,psychedelic_geometric,1,15,0.06666666666666667
6,Spring,2018,womens,pattern,solid_no_pattern,3,15,0.2
6,Spring,2018,womens,pattern,striped,1,15,0.06666666666666667
6,Spring,2018,womens,silhouette,casual_relaxed,1,15,0.06666666666666667
6,Spring,2018,womens,silhouette,layered_eclectic,2,15,0.13333333333333333
6,Spring,2018,womens,silhouette,maxi_length,2,15,0.13333333333333333
6,Spring,2018,womens,silhouette,mini_length,3,15,0.2
6,Spring,2018,womens,silhouette,oversized_boxy,0,15,0.0
6,Spring,2018,womens,silhouette,romantic_bohemian,6,15,0.4
6,Spring,2018,womens,silhouette,seventies_flared,0,15,0.0
6,Spring,2018,womens,silhouette,structured_tailored,1,15,0.06666666666666667
7,Fall,2018,mens,color,beige_tan,0,15,0.0
7,Fall,2018,mens,color,black,0,15,0.0
7,Fall,2018,mens,color,blue,0,15,0.0
7,Fall,2018,mens,color,brown,0,15,0.0
7,Fall,2018,mens,color,burgundy,0,15,0.0
7,Fall,2018,mens,color,gold_yellow,0,15,0.0
7,Fall,2018,mens,color,gray,0,15,0.0
7,Fall,2018,mens,color,green,0,15,0.0
7,Fall,2018,mens,color,navy,0,15,0.0
7,Fall,2018,mens,color,olive_khaki,0,15,0.0
7,Fall,2018,mens,color,orange,0,15,0.0
7,Fall,2018,mens,color,pink,0,15,0.0
7,Fall,2018,mens,color,purple,0,15,0.0
7,Fall,2018,mens,color,red,0,15,0.0
7,Fall,2018,mens,color,teal,0,15,0.0
7,Fall,2018,mens,color,white,15,15,1.0
7,Fall,2018,mens,embellishment,applique_patches,5,15,0.3333333333333333
7,Fall,2018,mens,embellishment,crystal_rhinestone,0,15,0.0
7,Fall,2018,mens,embellishment,embroidery,1,15,0.06666666666666667
7,Fall,2018,mens,embellishment,layered_jewelry,2,15,0.13333333333333333
7,Fall,2018,mens,embellishment,oversized_eyewear,3,15,0.2
7,Fall,2018,mens,embellishment,pearls,1,15,0.06666666666666667
7,Fall,2018,mens,embellishment,statement_bow,3,15,0.2
7,Fall,2018,mens,fabric_texture,brocade_jacquard,1,15,0.06666666666666667
7,Fall,2018,mens,fabric_texture,cotton_jersey,7,15,0.4666666666666667
7,Fall,2018,mens,fabric_texture,faux_fur_trim,5,15,0.3333333333333333
7,Fall,2018,mens,fabric_texture,lace,0,15,0.0
7,Fall,2018,mens,fabric_texture,leather,1,15,0.06666666666666667
7,Fall,2018,mens,fabric_texture,sequined_metallic,0,15,0.0
7,Fall,2018,mens,fabric_texture,silk,1,15,0.06666666666666667
7,Fall,2018,mens,fabric_texture,velvet,0,15,0.0
7,Fall,2018,mens,neckline_collar,classic_shirt_collar,4,15,0.26666666666666666
7,Fall,2018,mens,neckline_collar,crew_neckline,1,15,0.06666666666666667
7,Fall,2018,mens,neckline_collar,peter_pan_collar,7,15,0.4666666666666667
7,Fall,2018,mens,neckline_collar,plunging_neckline,0,15,0.0
7,Fall,2018,mens,neckline_collar,pussy_bow,1,15,0.06666666666666667
7,Fall,2018,mens,neckline_collar,ruffled_high_collar,0,15,0.0
7,Fall,2018,mens,neckline_collar,turtleneck,2,15,0.13333333333333333
7,Fall,2018,mens,pattern,animal_print,1,15,0.06666666666666667
7,Fall,2018,mens,pattern,floral_print,2,15,0.13333333333333333
7,Fall,2018,mens,pattern,graphic_print,0,15,0.0
7,Fall,2018,mens,pattern,logo_monogram,0,15,0.0
7,Fall,2018,mens,pattern,polka_dot,2,15,0.13333333333333333
7,Fall,2018,mens,pattern,psychedelic_geometric,3,15,0.2
7,Fall,2018,mens,pattern,solid_no_pattern,3,15,0.2
7,Fall,2018,mens,pattern,striped,4,15,0.26666666666666666
7,Fall,2018,mens,silhouette,casual_relaxed,1,15,0.06666666666666667
7,Fall,2018,mens,silhouette,layered_eclectic,1,15,0.06666666666666667
7,Fall,2018,mens,silhouette,maxi_length,4,15,0.26666666666666666
7,Fall,2018,mens,silhouette,mini_length,2,15,0.13333333333333333
7,Fall,2018,mens,silhouette,oversized_boxy,2,15,0.13333333333333333
7,Fall,2018,mens,silhouette,romantic_bohemian,0,15,0.0
7,Fall,2018,mens,silhouette,seventies_flared,2,15,0.13333333333333333
7,Fall,2018,mens,silhouette,structured_tailored,3,15,0.2
7,Fall,2018,womens,color,beige_tan,0,15,0.0
7,Fall,2018,womens,color,black,1,15,0.06666666666666667
7,Fall,2018,womens,color,blue,0,15,0.0
7,Fall,2018,womens,color,brown,0,15,0.0
7,Fall,2018,womens,color,burgundy,0,15,0.0
7,Fall,2018,womens,color,gold_yellow,0,15,0.0
7,Fall,2018,womens,color,gray,0,15,0.0
7,Fall,2018,womens,color,green,0,15,0.0
7,Fall,2018,womens,color,navy,0,15,0.0
7,Fall,2018,womens,color,olive_khaki,0,15,0.0
7,Fall,2018,womens,color,orange,0,15,0.0
7,Fall,2018,womens,color,pink,0,15,0.0
7,Fall,2018,womens,color,purple,0,15,0.0
7,Fall,2018,womens,color,red,0,15,0.0
7,Fall,2018,womens,color,teal,0,15,0.0
7,Fall,2018,womens,color,white,14,15,0.9333333333333333
7,Fall,2018,womens,embellishment,applique_patches,1,15,0.06666666666666667
7,Fall,2018,womens,embellishment,crystal_rhinestone,1,15,0.06666666666666667
7,Fall,2018,womens,embellishment,embroidery,5,15,0.3333333333333333
7,Fall,2018,womens,embellishment,layered_jewelry,4,15,0.26666666666666666
7,Fall,2018,womens,embellishment,oversized_eyewear,2,15,0.13333333333333333
7,Fall,2018,womens,embellishment,pearls,0,15,0.0
7,Fall,2018,womens,embellishment,statement_bow,2,15,0.13333333333333333
7,Fall,2018,womens,fabric_texture,brocade_jacquard,3,15,0.2
7,Fall,2018,womens,fabric_texture,cotton_jersey,0,15,0.0
7,Fall,2018,womens,fabric_texture,faux_fur_trim,7,15,0.4666666666666667
7,Fall,2018,womens,fabric_texture,lace,2,15,0.13333333333333333
7,Fall,2018,womens,fabric_texture,leather,1,15,0.06666666666666667
7,Fall,2018,womens,fabric_texture,sequined_metallic,1,15,0.06666666666666667
7,Fall,2018,womens,fabric_texture,silk,0,15,0.0
7,Fall,2018,womens,fabric_texture,velvet,1,15,0.06666666666666667
7,Fall,2018,womens,neckline_collar,classic_shirt_collar,0,15,0.0
7,Fall,2018,womens,neckline_collar,crew_neckline,2,15,0.13333333333333333
7,Fall,2018,womens,neckline_collar,peter_pan_collar,8,15,0.5333333333333333
7,Fall,2018,womens,neckline_collar,plunging_neckline,1,15,0.06666666666666667
7,Fall,2018,womens,neckline_collar,pussy_bow,1,15,0.06666666666666667
7,Fall,2018,womens,neckline_collar,ruffled_high_collar,3,15,0.2
7,Fall,2018,womens,neckline_collar,turtleneck,0,15,0.0
7,Fall,2018,womens,pattern,animal_print,2,15,0.13333333333333333
7,Fall,2018,womens,pattern,floral_print,9,15,0.6
7,Fall,2018,womens,pattern,graphic_print,0,15,0.0
7,Fall,2018,womens,pattern,logo_monogram,0,15,0.0
7,Fall,2018,womens,pattern,polka_dot,2,15,0.13333333333333333
7,Fall,2018,womens,pattern,psychedelic_geometric,1,15,0.06666666666666667
7,Fall,2018,womens,pattern,solid_no_pattern,0,15,0.0
7,Fall,2018,womens,pattern,striped,1,15,0.06666666666666667
7,Fall,2018,womens,silhouette,casual_relaxed,1,15,0.06666666666666667
7,Fall,2018,womens,silhouette,layered_eclectic,2,15,0.13333333333333333
7,Fall,2018,womens,silhouette,maxi_length,5,15,0.3333333333333333
7,Fall,2018,womens,silhouette,mini_length,2,15,0.13333333333333333
7,Fall,2018,womens,silhouette,oversized_boxy,1,15,0.06666666666666667
7,Fall,2018,womens,silhouette,romantic_bohemian,3,15,0.2
7,Fall,2018,womens,silhouette,seventies_flared,0,15,0.0
7,Fall,2018,womens,silhouette,structured_tailored,1,15,0.06666666666666667
8,Spring,2019,mens,color,beige_tan,0,17,0.0
8,Spring,2019,mens,color,black,14,17,0.8235294117647058
8,Spring,2019,mens,color,blue,0,17,0.0
8,Spring,2019,mens,color,brown,1,17,0.058823529411764705
8,Spring,2019,mens,color,burgundy,0,17,0.0
8,Spring,2019,mens,color,gold_yellow,0,17,0.0
8,Spring,2019,mens,color,gray,2,17,0.11764705882352941
8,Spring,2019,mens,color,green,0,17,0.0
8,Spring,2019,mens,color,navy,0,17,0.0
8,Spring,2019,mens,color,olive_khaki,0,17,0.0
8,Spring,2019,mens,color,orange,0,17,0.0
8,Spring,2019,mens,color,pink,0,17,0.0
8,Spring,2019,mens,color,purple,0,17,0.0
8,Spring,2019,mens,color,red,0,17,0.0
8,Spring,2019,mens,color,teal,0,17,0.0
8,Spring,2019,mens,color,white,0,17,0.0
8,Spring,2019,mens,embellishment,applique_patches,3,17,0.17647058823529413
8,Spring,2019,mens,embellishment,crystal_rhinestone,0,17,0.0
8,Spring,2019,mens,embellishment,embroidery,4,17,0.23529411764705882
8,Spring,2019,mens,embellishment,layered_jewelry,1,17,0.058823529411764705
8,Spring,2019,mens,embellishment,oversized_eyewear,5,17,0.29411764705882354
8,Spring,2019,mens,embellishment,pearls,3,17,0.17647058823529413
8,Spring,2019,mens,embellishment,statement_bow,1,17,0.058823529411764705
8,Spring,2019,mens,fabric_texture,brocade_jacquard,0,17,0.0
8,Spring,2019,mens,fabric_texture,cotton_jersey,6,17,0.35294117647058826
8,Spring,2019,mens,fabric_texture,faux_fur_trim,3,17,0.17647058823529413
8,Spring,2019,mens,fabric_texture,lace,2,17,0.11764705882352941
8,Spring,2019,mens,fabric_texture,leather,2,17,0.11764705882352941
8,Spring,2019,mens,fabric_texture,sequined_metallic,2,17,0.11764705882352941
8,Spring,2019,mens,fabric_texture,silk,0,17,0.0
8,Spring,2019,mens,fabric_texture,velvet,2,17,0.11764705882352941
8,Spring,2019,mens,neckline_collar,classic_shirt_collar,9,17,0.5294117647058824
8,Spring,2019,mens,neckline_collar,crew_neckline,2,17,0.11764705882352941
8,Spring,2019,mens,neckline_collar,peter_pan_collar,1,17,0.058823529411764705
8,Spring,2019,mens,neckline_collar,plunging_neckline,0,17,0.0
8,Spring,2019,mens,neckline_collar,pussy_bow,2,17,0.11764705882352941
8,Spring,2019,mens,neckline_collar,ruffled_high_collar,0,17,0.0
8,Spring,2019,mens,neckline_collar,turtleneck,3,17,0.17647058823529413
8,Spring,2019,mens,pattern,animal_print,1,17,0.058823529411764705
8,Spring,2019,mens,pattern,floral_print,2,17,0.11764705882352941
8,Spring,2019,mens,pattern,graphic_print,0,17,0.0
8,Spring,2019,mens,pattern,logo_monogram,0,17,0.0
8,Spring,2019,mens,pattern,polka_dot,0,17,0.0
8,Spring,2019,mens,pattern,psychedelic_geometric,2,17,0.11764705882352941
8,Spring,2019,mens,pattern,solid_no_pattern,8,17,0.47058823529411764
8,Spring,2019,mens,pattern,striped,4,17,0.23529411764705882
8,Spring,2019,mens,silhouette,casual_relaxed,2,17,0.11764705882352941
8,Spring,2019,mens,silhouette,layered_eclectic,5,17,0.29411764705882354
8,Spring,2019,mens,silhouette,maxi_length,1,17,0.058823529411764705
8,Spring,2019,mens,silhouette,mini_length,2,17,0.11764705882352941
8,Spring,2019,mens,silhouette,oversized_boxy,2,17,0.11764705882352941
8,Spring,2019,mens,silhouette,romantic_bohemian,0,17,0.0
8,Spring,2019,mens,silhouette,seventies_flared,0,17,0.0
8,Spring,2019,mens,silhouette,structured_tailored,5,17,0.29411764705882354
8,Spring,2019,womens,color,beige_tan,0,17,0.0
8,Spring,2019,womens,color,black,10,17,0.5882352941176471
8,Spring,2019,womens,color,blue,0,17,0.0
8,Spring,2019,womens,color,brown,1,17,0.058823529411764705
8,Spring,2019,womens,color,burgundy,0,17,0.0
8,Spring,2019,womens,color,gold_yellow,0,17,0.0
8,Spring,2019,womens,color,gray,6,17,0.35294117647058826
8,Spring,2019,womens,color,green,0,17,0.0
8,Spring,2019,womens,color,navy,0,17,0.0
8,Spring,2019,womens,color,olive_khaki,0,17,0.0
8,Spring,2019,womens,color,orange,0,17,0.0
8,Spring,2019,womens,color,pink,0,17,0.0
8,Spring,2019,womens,color,purple,0,17,0.0
8,Spring,2019,womens,color,red,0,17,0.0
8,Spring,2019,womens,color,teal,0,17,0.0
8,Spring,2019,womens,color,white,0,17,0.0
8,Spring,2019,womens,embellishment,applique_patches,2,17,0.11764705882352941
8,Spring,2019,womens,embellishment,crystal_rhinestone,1,17,0.058823529411764705
8,Spring,2019,womens,embellishment,embroidery,2,17,0.11764705882352941
8,Spring,2019,womens,embellishment,layered_jewelry,4,17,0.23529411764705882
8,Spring,2019,womens,embellishment,oversized_eyewear,6,17,0.35294117647058826
8,Spring,2019,womens,embellishment,pearls,1,17,0.058823529411764705
8,Spring,2019,womens,embellishment,statement_bow,1,17,0.058823529411764705
8,Spring,2019,womens,fabric_texture,brocade_jacquard,1,17,0.058823529411764705
8,Spring,2019,womens,fabric_texture,cotton_jersey,3,17,0.17647058823529413
8,Spring,2019,womens,fabric_texture,faux_fur_trim,4,17,0.23529411764705882
8,Spring,2019,womens,fabric_texture,lace,5,17,0.29411764705882354
8,Spring,2019,womens,fabric_texture,leather,3,17,0.17647058823529413
8,Spring,2019,womens,fabric_texture,sequined_metallic,1,17,0.058823529411764705
8,Spring,2019,womens,fabric_texture,silk,0,17,0.0
8,Spring,2019,womens,fabric_texture,velvet,0,17,0.0
8,Spring,2019,womens,neckline_collar,classic_shirt_collar,1,17,0.058823529411764705
8,Spring,2019,womens,neckline_collar,crew_neckline,0,17,0.0
8,Spring,2019,womens,neckline_collar,peter_pan_collar,6,17,0.35294117647058826
8,Spring,2019,womens,neckline_collar,plunging_neckline,5,17,0.29411764705882354
8,Spring,2019,womens,neckline_collar,pussy_bow,3,17,0.17647058823529413
8,Spring,2019,womens,neckline_collar,ruffled_high_collar,2,17,0.11764705882352941
8,Spring,2019,womens,neckline_collar,turtleneck,0,17,0.0
8,Spring,2019,womens,pattern,animal_print,3,17,0.17647058823529413
8,Spring,2019,womens,pattern,floral_print,6,17,0.35294117647058826
8,Spring,2019,womens,pattern,graphic_print,2,17,0.11764705882352941
8,Spring,2019,womens,pattern,logo_monogram,0,17,0.0
8,Spring,2019,womens,pattern,polka_dot,1,17,0.058823529411764705
8,Spring,2019,womens,pattern,psychedelic_geometric,1,17,0.058823529411764705
8,Spring,2019,womens,pattern,solid_no_pattern,1,17,0.058823529411764705
8,Spring,2019,womens,pattern,striped,3,17,0.17647058823529413
8,Spring,2019,womens,silhouette,casual_relaxed,0,17,0.0
8,Spring,2019,womens,silhouette,layered_eclectic,6,17,0.35294117647058826
8,Spring,2019,womens,silhouette,maxi_length,3,17,0.17647058823529413
8,Spring,2019,womens,silhouette,mini_length,3,17,0.17647058823529413
8,Spring,2019,womens,silhouette,oversized_boxy,0,17,0.0
8,Spring,2019,womens,silhouette,romantic_bohemian,4,17,0.23529411764705882
8,Spring,2019,womens,silhouette,seventies_flared,0,17,0.0
8,Spring,2019,womens,silhouette,structured_tailored,1,17,0.058823529411764705
9,Fall,2019,mens,color,beige_tan,0,16,0.0
9,Fall,2019,mens,color,black,11,16,0.6875
9,Fall,2019,mens,color,blue,0,16,0.0
9,Fall,2019,mens,color,brown,5,16,0.3125
9,Fall,2019,mens,color,burgundy,0,16,0.0
9,Fall,2019,mens,color,gold_yellow,0,16,0.0
9,Fall,2019,mens,color,gray,0,16,0.0
9,Fall,2019,mens,color,green,0,16,0.0
9,Fall,2019,mens,color,navy,0,16,0.0
9,Fall,2019,mens,color,olive_khaki,0,16,0.0
9,Fall,2019,mens,color,orange,0,16,0.0
9,Fall,2019,mens,color,pink,0,16,0.0
9,Fall,2019,mens,color,purple,0,16,0.0
9,Fall,2019,mens,color,red,0,16,0.0
9,Fall,2019,mens,color,teal,0,16,0.0
9,Fall,2019,mens,color,white,0,16,0.0
9,Fall,2019,mens,embellishment,applique_patches,5,16,0.3125
9,Fall,2019,mens,embellishment,crystal_rhinestone,0,16,0.0
9,Fall,2019,mens,embellishment,embroidery,0,16,0.0
9,Fall,2019,mens,embellishment,layered_jewelry,1,16,0.0625
9,Fall,2019,mens,embellishment,oversized_eyewear,9,16,0.5625
9,Fall,2019,mens,embellishment,pearls,0,16,0.0
9,Fall,2019,mens,embellishment,statement_bow,1,16,0.0625
9,Fall,2019,mens,fabric_texture,brocade_jacquard,4,16,0.25
9,Fall,2019,mens,fabric_texture,cotton_jersey,2,16,0.125
9,Fall,2019,mens,fabric_texture,faux_fur_trim,2,16,0.125
9,Fall,2019,mens,fabric_texture,lace,0,16,0.0
9,Fall,2019,mens,fabric_texture,leather,2,16,0.125
9,Fall,2019,mens,fabric_texture,sequined_metallic,3,16,0.1875
9,Fall,2019,mens,fabric_texture,silk,1,16,0.0625
9,Fall,2019,mens,fabric_texture,velvet,2,16,0.125
9,Fall,2019,mens,neckline_collar,classic_shirt_collar,11,16,0.6875
9,Fall,2019,mens,neckline_collar,crew_neckline,2,16,0.125
9,Fall,2019,mens,neckline_collar,peter_pan_collar,2,16,0.125
9,Fall,2019,mens,neckline_collar,plunging_neckline,0,16,0.0
9,Fall,2019,mens,neckline_collar,pussy_bow,1,16,0.0625
9,Fall,2019,mens,neckline_collar,ruffled_high_collar,0,16,0.0
9,Fall,2019,mens,neckline_collar,turtleneck,0,16,0.0
9,Fall,2019,mens,pattern,animal_print,1,16,0.0625
9,Fall,2019,mens,pattern,floral_print,1,16,0.0625
9,Fall,2019,mens,pattern,graphic_print,0,16,0.0
9,Fall,2019,mens,pattern,logo_monogram,0,16,0.0
9,Fall,2019,mens,pattern,polka_dot,3,16,0.1875
9,Fall,2019,mens,pattern,psychedelic_geometric,3,16,0.1875
9,Fall,2019,mens,pattern,solid_no_pattern,3,16,0.1875
9,Fall,2019,mens,pattern,striped,5,16,0.3125
9,Fall,2019,mens,silhouette,casual_relaxed,2,16,0.125
9,Fall,2019,mens,silhouette,layered_eclectic,6,16,0.375
9,Fall,2019,mens,silhouette,maxi_length,0,16,0.0
9,Fall,2019,mens,silhouette,mini_length,0,16,0.0
9,Fall,2019,mens,silhouette,oversized_boxy,0,16,0.0
9,Fall,2019,mens,silhouette,romantic_bohemian,0,16,0.0
9,Fall,2019,mens,silhouette,seventies_flared,1,16,0.0625
9,Fall,2019,mens,silhouette,structured_tailored,7,16,0.4375
9,Fall,2019,womens,color,beige_tan,0,19,0.0
9,Fall,2019,womens,color,black,15,19,0.7894736842105263
9,Fall,2019,womens,color,blue,0,19,0.0
9,Fall,2019,womens,color,brown,3,19,0.15789473684210525
9,Fall,2019,womens,color,burgundy,0,19,0.0
9,Fall,2019,womens,color,gold_yellow,0,19,0.0
9,Fall,2019,womens,color,gray,1,19,0.05263157894736842
9,Fall,2019,womens,color,green,0,19,0.0
9,Fall,2019,womens,color,navy,0,19,0.0
9,Fall,2019,womens,color,olive_khaki,0,19,0.0
9,Fall,2019,womens,color,orange,0,19,0.0
9,Fall,2019,womens,color,pink,0,19,0.0
9,Fall,2019,womens,color,purple,0,19,0.0
9,Fall,2019,womens,color,red,0,19,0.0
9,Fall,2019,womens,color,teal,0,19,0.0
9,Fall,2019,womens,color,white,0,19,0.0
9,Fall,2019,womens,embellishment,applique_patches,3,19,0.15789473684210525
9,Fall,2019,womens,embellishment,crystal_rhinestone,1,19,0.05263157894736842
9,Fall,2019,womens,embellishment,embroidery,1,19,0.05263157894736842
9,Fall,2019,womens,embellishment,layered_jewelry,3,19,0.15789473684210525
9,Fall,2019,womens,embellishment,oversized_eyewear,8,19,0.42105263157894735
9,Fall,2019,womens,embellishment,pearls,1,19,0.05263157894736842
9,Fall,2019,womens,embellishment,statement_bow,2,19,0.10526315789473684
9,Fall,2019,womens,fabric_texture,brocade_jacquard,4,19,0.21052631578947367
9,Fall,2019,womens,fabric_texture,cotton_jersey,1,19,0.05263157894736842
9,Fall,2019,womens,fabric_texture,faux_fur_trim,2,19,0.10526315789473684
9,Fall,2019,womens,fabric_texture,lace,0,19,0.0
9,Fall,2019,womens,fabric_texture,leather,4,19,0.21052631578947367
9,Fall,2019,womens,fabric_texture,sequined_metallic,7,19,0.3684210526315789
9,Fall,2019,womens,fabric_texture,silk,0,19,0.0
9,Fall,2019,womens,fabric_texture,velvet,1,19,0.05263157894736842
9,Fall,2019,womens,neckline_collar,classic_shirt_collar,1,19,0.05263157894736842
9,Fall,2019,womens,neckline_collar,crew_neckline,2,19,0.10526315789473684
9,Fall,2019,womens,neckline_collar,peter_pan_collar,9,19,0.47368421052631576
9,Fall,2019,womens,neckline_collar,plunging_neckline,0,19,0.0
9,Fall,2019,womens,neckline_collar,pussy_bow,2,19,0.10526315789473684
9,Fall,2019,womens,neckline_collar,ruffled_high_collar,1,19,0.05263157894736842
9,Fall,2019,womens,neckline_collar,turtleneck,4,19,0.21052631578947367
9,Fall,2019,womens,pattern,animal_print,3,19,0.15789473684210525
9,Fall,2019,womens,pattern,floral_print,1,19,0.05263157894736842
9,Fall,2019,womens,pattern,graphic_print,0,19,0.0
9,Fall,2019,womens,pattern,logo_monogram,0,19,0.0
9,Fall,2019,womens,pattern,polka_dot,5,19,0.2631578947368421
9,Fall,2019,womens,pattern,psychedelic_geometric,7,19,0.3684210526315789
9,Fall,2019,womens,pattern,solid_no_pattern,1,19,0.05263157894736842
9,Fall,2019,womens,pattern,striped,2,19,0.10526315789473684
9,Fall,2019,womens,silhouette,casual_relaxed,0,19,0.0
9,Fall,2019,womens,silhouette,layered_eclectic,10,19,0.5263157894736842
9,Fall,2019,womens,silhouette,maxi_length,1,19,0.05263157894736842
9,Fall,2019,womens,silhouette,mini_length,1,19,0.05263157894736842
9,Fall,2019,womens,silhouette,oversized_boxy,2,19,0.10526315789473684
9,Fall,2019,womens,silhouette,romantic_bohemian,0,19,0.0
9,Fall,2019,womens,silhouette,seventies_flared,3,19,0.15789473684210525
9,Fall,2019,womens,silhouette,structured_tailored,2,19,0.10526315789473684
10,Spring,2020,mens,color,beige_tan,6,13,0.46153846153846156
10,Spring,2020,mens,color,black,1,13,0.07692307692307693
10,Spring,2020,mens,color,blue,0,13,0.0
10,Spring,2020,mens,color,brown,0,13,0.0
10,Spring,2020,mens,color,burgundy,0,13,0.0
10,Spring,2020,mens,color,gold_yellow,0,13,0.0
10,Spring,2020,mens,color,gray,0,13,0.0
10,Spring,2020,mens,color,green,0,13,0.0
10,Spring,2020,mens,color,navy,0,13,0.0
10,Spring,2020,mens,color,olive_khaki,0,13,0.0
10,Spring,2020,mens,color,orange,0,13,0.0
10,Spring,2020,mens,color,pink,0,13,0.0
10,Spring,2020,mens,color,purple,0,13,0.0
10,Spring,2020,mens,color,red,0,13,0.0
10,Spring,2020,mens,color,teal,0,13,0.0
10,Spring,2020,mens,color,white,6,13,0.46153846153846156
10,Spring,2020,mens,embellishment,applique_patches,2,13,0.15384615384615385
10,Spring,2020,mens,embellishment,crystal_rhinestone,0,13,0.0
10,Spring,2020,mens,embellishment,embroidery,0,13,0.0
10,Spring,2020,mens,embellishment,layered_jewelry,0,13,0.0
10,Spring,2020,mens,embellishment,oversized_eyewear,8,13,0.6153846153846154
10,Spring,2020,mens,embellishment,pearls,1,13,0.07692307692307693
10,Spring,2020,mens,embellishment,statement_bow,2,13,0.15384615384615385
10,Spring,2020,mens,fabric_texture,brocade_jacquard,0,13,0.0
10,Spring,2020,mens,fabric_texture,cotton_jersey,1,13,0.07692307692307693
10,Spring,2020,mens,fabric_texture,faux_fur_trim,0,13,0.0
10,Spring,2020,mens,fabric_texture,lace,0,13,0.0
10,Spring,2020,mens,fabric_texture,leather,8,13,0.6153846153846154
10,Spring,2020,mens,fabric_texture,sequined_metallic,0,13,0.0
10,Spring,2020,mens,fabric_texture,silk,1,13,0.07692307692307693
10,Spring,2020,mens,fabric_texture,velvet,3,13,0.23076923076923078
10,Spring,2020,mens,neckline_collar,classic_shirt_collar,9,13,0.6923076923076923
10,Spring,2020,mens,neckline_collar,crew_neckline,1,13,0.07692307692307693
10,Spring,2020,mens,neckline_collar,peter_pan_collar,1,13,0.07692307692307693
10,Spring,2020,mens,neckline_collar,plunging_neckline,0,13,0.0
10,Spring,2020,mens,neckline_collar,pussy_bow,2,13,0.15384615384615385
10,Spring,2020,mens,neckline_collar,ruffled_high_collar,0,13,0.0
10,Spring,2020,mens,neckline_collar,turtleneck,0,13,0.0
10,Spring,2020,mens,pattern,animal_print,1,13,0.07692307692307693
10,Spring,2020,mens,pattern,floral_print,1,13,0.07692307692307693
10,Spring,2020,mens,pattern,graphic_print,0,13,0.0
10,Spring,2020,mens,pattern,logo_monogram,0,13,0.0
10,Spring,2020,mens,pattern,polka_dot,2,13,0.15384615384615385
10,Spring,2020,mens,pattern,psychedelic_geometric,1,13,0.07692307692307693
10,Spring,2020,mens,pattern,solid_no_pattern,5,13,0.38461538461538464
10,Spring,2020,mens,pattern,striped,3,13,0.23076923076923078
10,Spring,2020,mens,silhouette,casual_relaxed,0,13,0.0
10,Spring,2020,mens,silhouette,layered_eclectic,1,13,0.07692307692307693
10,Spring,2020,mens,silhouette,maxi_length,1,13,0.07692307692307693
10,Spring,2020,mens,silhouette,mini_length,0,13,0.0
10,Spring,2020,mens,silhouette,oversized_boxy,0,13,0.0
10,Spring,2020,mens,silhouette,romantic_bohemian,0,13,0.0
10,Spring,2020,mens,silhouette,seventies_flared,2,13,0.15384615384615385
10,Spring,2020,mens,silhouette,structured_tailored,9,13,0.6923076923076923
10,Spring,2020,womens,color,beige_tan,13,21,0.6190476190476191
10,Spring,2020,womens,color,black,1,21,0.047619047619047616
10,Spring,2020,womens,color,blue,0,21,0.0
10,Spring,2020,womens,color,brown,2,21,0.09523809523809523
10,Spring,2020,womens,color,burgundy,0,21,0.0
10,Spring,2020,womens,color,gold_yellow,0,21,0.0
10,Spring,2020,womens,color,gray,2,21,0.09523809523809523
10,Spring,2020,womens,color,green,0,21,0.0
10,Spring,2020,womens,color,navy,0,21,0.0
10,Spring,2020,womens,color,olive_khaki,0,21,0.0
10,Spring,2020,womens,color,orange,0,21,0.0
10,Spring,2020,womens,color,pink,0,21,0.0
10,Spring,2020,womens,color,purple,0,21,0.0
10,Spring,2020,womens,color,red,0,21,0.0
10,Spring,2020,womens,color,teal,0,21,0.0
10,Spring,2020,womens,color,white,3,21,0.14285714285714285
10,Spring,2020,womens,embellishment,applique_patches,0,21,0.0
10,Spring,2020,womens,embellishment,crystal_rhinestone,0,21,0.0
10,Spring,2020,womens,embellishment,embroidery,3,21,0.14285714285714285
10,Spring,2020,womens,embellishment,layered_jewelry,2,21,0.09523809523809523
10,Spring,2020,womens,embellishment,oversized_eyewear,13,21,0.6190476190476191
10,Spring,2020,womens,embellishment,pearls,2,21,0.09523809523809523
10,Spring,2020,womens,embellishment,statement_bow,1,21,0.047619047619047616
10,Spring,2020,womens,fabric_texture,brocade_jacquard,1,21,0.047619047619047616
10,Spring,2020,womens,fabric_texture,cotton_jersey,0,21,0.0
10,Spring,2020,womens,fabric_texture,faux_fur_trim,3,21,0.14285714285714285
10,Spring,2020,womens,fabric_texture,lace,3,21,0.14285714285714285
10,Spring,2020,womens,fabric_texture,leather,7,21,0.3333333333333333
10,Spring,2020,womens,fabric_texture,sequined_metallic,4,21,0.19047619047619047
10,Spring,2020,womens,fabric_texture,silk,3,21,0.14285714285714285
10,Spring,2020,womens,fabric_texture,velvet,0,21,0.0
10,Spring,2020,womens,neckline_collar,classic_shirt_collar,1,21,0.047619047619047616
10,Spring,2020,womens,neckline_collar,crew_neckline,3,21,0.14285714285714285
10,Spring,2020,womens,neckline_collar,peter_pan_collar,1,21,0.047619047619047616
10,Spring,2020,womens,neckline_collar,plunging_neckline,7,21,0.3333333333333333
10,Spring,2020,womens,neckline_collar,pussy_bow,3,21,0.14285714285714285
10,Spring,2020,womens,neckline_collar,ruffled_high_collar,0,21,0.0
10,Spring,2020,womens,neckline_collar,turtleneck,6,21,0.2857142857142857
10,Spring,2020,womens,pattern,animal_print,6,21,0.2857142857142857
10,Spring,2020,womens,pattern,floral_print,0,21,0.0
10,Spring,2020,womens,pattern,graphic_print,2,21,0.09523809523809523
10,Spring,2020,womens,pattern,logo_monogram,0,21,0.0
10,Spring,2020,womens,pattern,polka_dot,4,21,0.19047619047619047
10,Spring,2020,womens,pattern,psychedelic_geometric,3,21,0.14285714285714285
10,Spring,2020,womens,pattern,solid_no_pattern,6,21,0.2857142857142857
10,Spring,2020,womens,pattern,striped,0,21,0.0
10,Spring,2020,womens,silhouette,casual_relaxed,1,21,0.047619047619047616
10,Spring,2020,womens,silhouette,layered_eclectic,0,21,0.0
10,Spring,2020,womens,silhouette,maxi_length,7,21,0.3333333333333333
10,Spring,2020,womens,silhouette,mini_length,2,21,0.09523809523809523
10,Spring,2020,womens,silhouette,oversized_boxy,3,21,0.14285714285714285
10,Spring,2020,womens,silhouette,romantic_bohemian,2,21,0.09523809523809523
10,Spring,2020,womens,silhouette,seventies_flared,4,21,0.19047619047619047
10,Spring,2020,womens,silhouette,structured_tailored,2,21,0.09523809523809523
11,Fall,2020,mens,color,beige_tan,0,17,0.0
11,Fall,2020,mens,color,black,16,17,0.9411764705882353
11,Fall,2020,mens,color,blue,0,17,0.0
11,Fall,2020,mens,color,brown,0,17,0.0
11,Fall,2020,mens,color,burgundy,0,17,0.0
11,Fall,2020,mens,color,gold_yellow,0,17,0.0
11,Fall,2020,mens,color,gray,1,17,0.058823529411764705
11,Fall,2020,mens,color,green,0,17,0.0
11,Fall,2020,mens,color,navy,0,17,0.0
11,Fall,2020,mens,color,olive_khaki,0,17,0.0
11,Fall,2020,mens,color,orange,0,17,0.0
11,Fall,2020,mens,color,pink,0,17,0.0
11,Fall,2020,mens,color,purple,0,17,0.0
11,Fall,2020,mens,color,red,0,17,0.0
11,Fall,2020,mens,color,teal,0,17,0.0
11,Fall,2020,mens,color,white,0,17,0.0
11,Fall,2020,mens,embellishment,applique_patches,5,17,0.29411764705882354
11,Fall,2020,mens,embellishment,crystal_rhinestone,1,17,0.058823529411764705
11,Fall,2020,mens,embellishment,embroidery,1,17,0.058823529411764705
11,Fall,2020,mens,embellishment,layered_jewelry,3,17,0.17647058823529413
11,Fall,2020,mens,embellishment,oversized_eyewear,3,17,0.17647058823529413
11,Fall,2020,mens,embellishment,pearls,0,17,0.0
11,Fall,2020,mens,embellishment,statement_bow,4,17,0.23529411764705882
11,Fall,2020,mens,fabric_texture,brocade_jacquard,1,17,0.058823529411764705
11,Fall,2020,mens,fabric_texture,cotton_jersey,5,17,0.29411764705882354
11,Fall,2020,mens,fabric_texture,faux_fur_trim,3,17,0.17647058823529413
11,Fall,2020,mens,fabric_texture,lace,0,17,0.0
11,Fall,2020,mens,fabric_texture,leather,6,17,0.35294117647058826
11,Fall,2020,mens,fabric_texture,sequined_metallic,1,17,0.058823529411764705
11,Fall,2020,mens,fabric_texture,silk,0,17,0.0
11,Fall,2020,mens,fabric_texture,velvet,1,17,0.058823529411764705
11,Fall,2020,mens,neckline_collar,classic_shirt_collar,7,17,0.4117647058823529
11,Fall,2020,mens,neckline_collar,crew_neckline,1,17,0.058823529411764705
11,Fall,2020,mens,neckline_collar,peter_pan_collar,4,17,0.23529411764705882
11,Fall,2020,mens,neckline_collar,plunging_neckline,0,17,0.0
11,Fall,2020,mens,neckline_collar,pussy_bow,0,17,0.0
11,Fall,2020,mens,neckline_collar,ruffled_high_collar,2,17,0.11764705882352941
11,Fall,2020,mens,neckline_collar,turtleneck,3,17,0.17647058823529413
11,Fall,2020,mens,pattern,animal_print,2,17,0.11764705882352941
11,Fall,2020,mens,pattern,floral_print,1,17,0.058823529411764705
11,Fall,2020,mens,pattern,graphic_print,0,17,0.0
11,Fall,2020,mens,pattern,logo_monogram,1,17,0.058823529411764705
11,Fall,2020,mens,pattern,polka_dot,6,17,0.35294117647058826
11,Fall,2020,mens,pattern,psychedelic_geometric,0,17,0.0
11,Fall,2020,mens,pattern,solid_no_pattern,2,17,0.11764705882352941
11,Fall,2020,mens,pattern,striped,5,17,0.29411764705882354
11,Fall,2020,mens,silhouette,casual_relaxed,2,17,0.11764705882352941
11,Fall,2020,mens,silhouette,layered_eclectic,6,17,0.35294117647058826
11,Fall,2020,mens,silhouette,maxi_length,0,17,0.0
11,Fall,2020,mens,silhouette,mini_length,2,17,0.11764705882352941
11,Fall,2020,mens,silhouette,oversized_boxy,1,17,0.058823529411764705
11,Fall,2020,mens,silhouette,romantic_bohemian,0,17,0.0
11,Fall,2020,mens,silhouette,seventies_flared,0,17,0.0
11,Fall,2020,mens,silhouette,structured_tailored,6,17,0.35294117647058826
11,Fall,2020,womens,color,beige_tan,0,16,0.0
11,Fall,2020,womens,color,black,16,16,1.0
11,Fall,2020,womens,color,blue,0,16,0.0
11,Fall,2020,womens,color,brown,0,16,0.0
11,Fall,2020,womens,color,burgundy,0,16,0.0
11,Fall,2020,womens,color,gold_yellow,0,16,0.0
11,Fall,2020,womens,color,gray,0,16,0.0
11,Fall,2020,womens,color,green,0,16,0.0
11,Fall,2020,womens,color,navy,0,16,0.0
11,Fall,2020,womens,color,olive_khaki,0,16,0.0
11,Fall,2020,womens,color,orange,0,16,0.0
11,Fall,2020,womens,color,pink,0,16,0.0
11,Fall,2020,womens,color,purple,0,16,0.0
11,Fall,2020,womens,color,red,0,16,0.0
11,Fall,2020,womens,color,teal,0,16,0.0
11,Fall,2020,womens,color,white,0,16,0.0
11,Fall,2020,womens,embellishment,applique_patches,1,16,0.0625
11,Fall,2020,womens,embellishment,crystal_rhinestone,2,16,0.125
11,Fall,2020,womens,embellishment,embroidery,2,16,0.125
11,Fall,2020,womens,embellishment,layered_jewelry,2,16,0.125
11,Fall,2020,womens,embellishment,oversized_eyewear,0,16,0.0
11,Fall,2020,womens,embellishment,pearls,3,16,0.1875
11,Fall,2020,womens,embellishment,statement_bow,6,16,0.375
11,Fall,2020,womens,fabric_texture,brocade_jacquard,2,16,0.125
11,Fall,2020,womens,fabric_texture,cotton_jersey,5,16,0.3125
11,Fall,2020,womens,fabric_texture,faux_fur_trim,3,16,0.1875
11,Fall,2020,womens,fabric_texture,lace,4,16,0.25
11,Fall,2020,womens,fabric_texture,leather,1,16,0.0625
11,Fall,2020,womens,fabric_texture,sequined_metallic,1,16,0.0625
11,Fall,2020,womens,fabric_texture,silk,0,16,0.0
11,Fall,2020,womens,fabric_texture,velvet,0,16,0.0
11,Fall,2020,womens,neckline_collar,classic_shirt_collar,0,16,0.0
11,Fall,2020,womens,neckline_collar,crew_neckline,2,16,0.125
11,Fall,2020,womens,neckline_collar,peter_pan_collar,6,16,0.375
11,Fall,2020,womens,neckline_collar,plunging_neckline,0,16,0.0
11,Fall,2020,womens,neckline_collar,pussy_bow,2,16,0.125
11,Fall,2020,womens,neckline_collar,ruffled_high_collar,6,16,0.375
11,Fall,2020,womens,neckline_collar,turtleneck,0,16,0.0
11,Fall,2020,womens,pattern,animal_print,0,16,0.0
11,Fall,2020,womens,pattern,floral_print,4,16,0.25
11,Fall,2020,womens,pattern,graphic_print,0,16,0.0
11,Fall,2020,womens,pattern,logo_monogram,1,16,0.0625
11,Fall,2020,womens,pattern,polka_dot,8,16,0.5
11,Fall,2020,womens,pattern,psychedelic_geometric,1,16,0.0625
11,Fall,2020,womens,pattern,solid_no_pattern,1,16,0.0625
11,Fall,2020,womens,pattern,striped,1,16,0.0625
11,Fall,2020,womens,silhouette,casual_relaxed,0,16,0.0
11,Fall,2020,womens,silhouette,layered_eclectic,1,16,0.0625
11,Fall,2020,womens,silhouette,maxi_length,6,16,0.375
11,Fall,2020,womens,silhouette,mini_length,5,16,0.3125
11,Fall,2020,womens,silhouette,oversized_boxy,1,16,0.0625
11,Fall,2020,womens,silhouette,romantic_bohemian,1,16,0.0625
11,Fall,2020,womens,silhouette,seventies_flared,0,16,0.0
11,Fall,2020,womens,silhouette,structured_tailored,2,16,0.125
12,Spring,2021,mens,color,beige_tan,0,14,0.0
12,Spring,2021,mens,color,black,10,14,0.7142857142857143
12,Spring,2021,mens,color,blue,0,14,0.0
12,Spring,2021,mens,color,brown,2,14,0.14285714285714285
12,Spring,2021,mens,color,burgundy,0,14,0.0
12,Spring,2021,mens,color,gold_yellow,0,14,0.0
12,Spring,2021,mens,color,gray,1,14,0.07142857142857142
12,Spring,2021,mens,color,green,0,14,0.0
12,Spring,2021,mens,color,navy,0,14,0.0
12,Spring,2021,mens,color,olive_khaki,1,14,0.07142857142857142
12,Spring,2021,mens,color,orange,0,14,0.0
12,Spring,2021,mens,color,pink,0,14,0.0
12,Spring,2021,mens,color,purple,0,14,0.0
12,Spring,2021,mens,color,red,0,14,0.0
12,Spring,2021,mens,color,teal,0,14,0.0
12,Spring,2021,mens,color,white,0,14,0.0
12,Spring,2021,mens,embellishment,applique_patches,1,14,0.07142857142857142
12,Spring,2021,mens,embellishment,crystal_rhinestone,2,14,0.14285714285714285
12,Spring,2021,mens,embellishment,embroidery,1,14,0.07142857142857142
12,Spring,2021,mens,embellishment,layered_jewelry,0,14,0.0
12,Spring,2021,mens,embellishment,oversized_eyewear,7,14,0.5
12,Spring,2021,mens,embellishment,pearls,0,14,0.0
12,Spring,2021,mens,embellishment,statement_bow,3,14,0.21428571428571427
12,Spring,2021,mens,fabric_texture,brocade_jacquard,0,14,0.0
12,Spring,2021,mens,fabric_texture,cotton_jersey,9,14,0.6428571428571429
12,Spring,2021,mens,fabric_texture,faux_fur_trim,1,14,0.07142857142857142
12,Spring,2021,mens,fabric_texture,lace,2,14,0.14285714285714285
12,Spring,2021,mens,fabric_texture,leather,1,14,0.07142857142857142
12,Spring,2021,mens,fabric_texture,sequined_metallic,1,14,0.07142857142857142
12,Spring,2021,mens,fabric_texture,silk,0,14,0.0
12,Spring,2021,mens,fabric_texture,velvet,0,14,0.0
12,Spring,2021,mens,neckline_collar,classic_shirt_collar,7,14,0.5
12,Spring,2021,mens,neckline_collar,crew_neckline,1,14,0.07142857142857142
12,Spring,2021,mens,neckline_collar,peter_pan_collar,5,14,0.35714285714285715
12,Spring,2021,mens,neckline_collar,plunging_neckline,0,14,0.0
12,Spring,2021,mens,neckline_collar,pussy_bow,0,14,0.0
12,Spring,2021,mens,neckline_collar,ruffled_high_collar,0,14,0.0
12,Spring,2021,mens,neckline_collar,turtleneck,1,14,0.07142857142857142
12,Spring,2021,mens,pattern,animal_print,2,14,0.14285714285714285
12,Spring,2021,mens,pattern,floral_print,1,14,0.07142857142857142
12,Spring,2021,mens,pattern,graphic_print,0,14,0.0
12,Spring,2021,mens,pattern,logo_monogram,1,14,0.07142857142857142
12,Spring,2021,mens,pattern,polka_dot,1,14,0.07142857142857142
12,Spring,2021,mens,pattern,psychedelic_geometric,0,14,0.0
12,Spring,2021,mens,pattern,solid_no_pattern,3,14,0.21428571428571427
12,Spring,2021,mens,pattern,striped,6,14,0.42857142857142855
12,Spring,2021,mens,silhouette,casual_relaxed,2,14,0.14285714285714285
12,Spring,2021,mens,silhouette,layered_eclectic,1,14,0.07142857142857142
12,Spring,2021,mens,silhouette,maxi_length,0,14,0.0
12,Spring,2021,mens,silhouette,mini_length,6,14,0.42857142857142855
12,Spring,2021,mens,silhouette,oversized_boxy,0,14,0.0
12,Spring,2021,mens,silhouette,romantic_bohemian,0,14,0.0
12,Spring,2021,mens,silhouette,seventies_flared,2,14,0.14285714285714285
12,Spring,2021,mens,silhouette,structured_tailored,3,14,0.21428571428571427
12,Spring,2021,womens,color,beige_tan,0,13,0.0
12,Spring,2021,womens,color,black,5,13,0.38461538461538464
12,Spring,2021,womens,color,blue,0,13,0.0
12,Spring,2021,womens,color,brown,6,13,0.46153846153846156
12,Spring,2021,womens,color,burgundy,0,13,0.0
12,Spring,2021,womens,color,gold_yellow,0,13,0.0
12,Spring,2021,womens,color,gray,1,13,0.07692307692307693
12,Spring,2021,womens,color,green,0,13,0.0
12,Spring,2021,womens,color,navy,0,13,0.0
12,Spring,2021,womens,color,olive_khaki,0,13,0.0
12,Spring,2021,womens,color,orange,0,13,0.0
12,Spring,2021,womens,color,pink,0,13,0.0
12,Spring,2021,womens,color,purple,0,13,0.0
12,Spring,2021,womens,color,red,0,13,0.0
12,Spring,2021,womens,color,teal,0,13,0.0
12,Spring,2021,womens,color,white,1,13,0.07692307692307693
12,Spring,2021,womens,embellishment,applique_patches,0,13,0.0
12,Spring,2021,womens,embellishment,crystal_rhinestone,0,13,0.0
12,Spring,2021,womens,embellishment,embroidery,6,13,0.46153846153846156
12,Spring,2021,womens,embellishment,layered_jewelry,0,13,0.0
12,Spring,2021,womens,embellishment,oversized_eyewear,3,13,0.23076923076923078
12,Spring,2021,womens,embellishment,pearls,2,13,0.15384615384615385
12,Spring,2021,womens,embellishment,statement_bow,2,13,0.15384615384615385
12,Spring,2021,womens,fabric_texture,brocade_jacquard,1,13,0.07692307692307693
12,Spring,2021,womens,fabric_texture,cotton_jersey,7,13,0.5384615384615384
12,Spring,2021,womens,fabric_texture,faux_fur_trim,0,13,0.0
12,Spring,2021,womens,fabric_texture,lace,2,13,0.15384615384615385
12,Spring,2021,womens,fabric_texture,leather,2,13,0.15384615384615385
12,Spring,2021,womens,fabric_texture,sequined_metallic,1,13,0.07692307692307693
12,Spring,2021,womens,fabric_texture,silk,0,13,0.0
12,Spring,2021,womens,fabric_texture,velvet,0,13,0.0
12,Spring,2021,womens,neckline_collar,classic_shirt_collar,1,13,0.07692307692307693
12,Spring,2021,womens,neckline_collar,crew_neckline,3,13,0.23076923076923078
12,Spring,2021,womens,neckline_collar,peter_pan_collar,7,13,0.5384615384615384
12,Spring,2021,womens,neckline_collar,plunging_neckline,2,13,0.15384615384615385
12,Spring,2021,womens,neckline_collar,pussy_bow,0,13,0.0
12,Spring,2021,womens,neckline_collar,ruffled_high_collar,0,13,0.0
12,Spring,2021,womens,neckline_collar,turtleneck,0,13,0.0
12,Spring,2021,womens,pattern,animal_print,1,13,0.07692307692307693
12,Spring,2021,womens,pattern,floral_print,3,13,0.23076923076923078
12,Spring,2021,womens,pattern,graphic_print,0,13,0.0
12,Spring,2021,womens,pattern,logo_monogram,1,13,0.07692307692307693
12,Spring,2021,womens,pattern,polka_dot,3,13,0.23076923076923078
12,Spring,2021,womens,pattern,psychedelic_geometric,0,13,0.0
12,Spring,2021,womens,pattern,solid_no_pattern,0,13,0.0
12,Spring,2021,womens,pattern,striped,5,13,0.38461538461538464
12,Spring,2021,womens,silhouette,casual_relaxed,0,13,0.0
12,Spring,2021,womens,silhouette,layered_eclectic,0,13,0.0
12,Spring,2021,womens,silhouette,maxi_length,4,13,0.3076923076923077
12,Spring,2021,womens,silhouette,mini_length,6,13,0.46153846153846156
12,Spring,2021,womens,silhouette,oversized_boxy,0,13,0.0
12,Spring,2021,womens,silhouette,romantic_bohemian,1,13,0.07692307692307693
12,Spring,2021,womens,silhouette,seventies_flared,2,13,0.15384615384615385
12,Spring,2021,womens,silhouette,structured_tailored,0,13,0.0
13,Fall,2021,mens,color,beige_tan,0,18,0.0
13,Fall,2021,mens,color,black,0,18,0.0
13,Fall,2021,mens,color,blue,0,18,0.0
13,Fall,2021,mens,color,brown,0,18,0.0
13,Fall,2021,mens,color,burgundy,0,18,0.0
13,Fall,2021,mens,color,gold_yellow,0,18,0.0
13,Fall,2021,mens,color,gray,0,18,0.0
13,Fall,2021,mens,color,green,0,18,0.0
13,Fall,2021,mens,color,navy,0,18,0.0
13,Fall,2021,mens,color,olive_khaki,0,18,0.0
13,Fall,2021,mens,color,orange,0,18,0.0
13,Fall,2021,mens,color,pink,0,18,0.0
13,Fall,2021,mens,color,purple,0,18,0.0
13,Fall,2021,mens,color,red,0,18,0.0
13,Fall,2021,mens,color,teal,0,18,0.0
13,Fall,2021,mens,color,white,18,18,1.0
13,Fall,2021,mens,embellishment,applique_patches,0,18,0.0
13,Fall,2021,mens,embellishment,crystal_rhinestone,12,18,0.6666666666666666
13,Fall,2021,mens,embellishment,embroidery,0,18,0.0
13,Fall,2021,mens,embellishment,layered_jewelry,0,18,0.0
13,Fall,2021,mens,embellishment,oversized_eyewear,6,18,0.3333333333333333
13,Fall,2021,mens,embellishment,pearls,0,18,0.0
13,Fall,2021,mens,embellishment,statement_bow,0,18,0.0
13,Fall,2021,mens,fabric_texture,brocade_jacquard,2,18,0.1111111111111111
13,Fall,2021,mens,fabric_texture,cotton_jersey,1,18,0.05555555555555555
13,Fall,2021,mens,fabric_texture,faux_fur_trim,5,18,0.2777777777777778
13,Fall,2021,mens,fabric_texture,lace,0,18,0.0
13,Fall,2021,mens,fabric_texture,leather,3,18,0.16666666666666666
13,Fall,2021,mens,fabric_texture,sequined_metallic,7,18,0.3888888888888889
13,Fall,2021,mens,fabric_texture,silk,0,18,0.0
13,Fall,2021,mens,fabric_texture,velvet,0,18,0.0
13,Fall,2021,mens,neckline_collar,classic_shirt_collar,9,18,0.5
13,Fall,2021,mens,neckline_collar,crew_neckline,1,18,0.05555555555555555
13,Fall,2021,mens,neckline_collar,peter_pan_collar,1,18,0.05555555555555555
13,Fall,2021,mens,neckline_collar,plunging_neckline,0,18,0.0
13,Fall,2021,mens,neckline_collar,pussy_bow,0,18,0.0
13,Fall,2021,mens,neckline_collar,ruffled_high_collar,2,18,0.1111111111111111
13,Fall,2021,mens,neckline_collar,turtleneck,5,18,0.2777777777777778
13,Fall,2021,mens,pattern,animal_print,7,18,0.3888888888888889
13,Fall,2021,mens,pattern,floral_print,2,18,0.1111111111111111
13,Fall,2021,mens,pattern,graphic_print,2,18,0.1111111111111111
13,Fall,2021,mens,pattern,logo_monogram,0,18,0.0
13,Fall,2021,mens,pattern,polka_dot,2,18,0.1111111111111111
13,Fall,2021,mens,pattern,psychedelic_geometric,1,18,0.05555555555555555
13,Fall,2021,mens,pattern,solid_no_pattern,4,18,0.2222222222222222
13,Fall,2021,mens,pattern,striped,0,18,0.0
13,Fall,2021,mens,silhouette,casual_relaxed,3,18,0.16666666666666666
13,Fall,2021,mens,silhouette,layered_eclectic,1,18,0.05555555555555555
13,Fall,2021,mens,silhouette,maxi_length,2,18,0.1111111111111111
13,Fall,2021,mens,silhouette,mini_length,0,18,0.0
13,Fall,2021,mens,silhouette,oversized_boxy,0,18,0.0
13,Fall,2021,mens,silhouette,romantic_bohemian,0,18,0.0
13,Fall,2021,mens,silhouette,seventies_flared,0,18,0.0
13,Fall,2021,mens,silhouette,structured_tailored,12,18,0.6666666666666666
13,Fall,2021,womens,color,beige_tan,1,17,0.058823529411764705
13,Fall,2021,womens,color,black,0,17,0.0
13,Fall,2021,womens,color,blue,0,17,0.0
13,Fall,2021,womens,color,brown,0,17,0.0
13,Fall,2021,womens,color,burgundy,0,17,0.0
13,Fall,2021,womens,color,gold_yellow,0,17,0.0
13,Fall,2021,womens,color,gray,0,17,0.0
13,Fall,2021,womens,color,green,0,17,0.0
13,Fall,2021,womens,color,navy,0,17,0.0
13,Fall,2021,womens,color,olive_khaki,0,17,0.0
13,Fall,2021,womens,color,orange,0,17,0.0
13,Fall,2021,womens,color,pink,0,17,0.0
13,Fall,2021,womens,color,purple,0,17,0.0
13,Fall,2021,womens,color,red,0,17,0.0
13,Fall,2021,womens,color,teal,0,17,0.0
13,Fall,2021,womens,color,white,16,17,0.9411764705882353
13,Fall,2021,womens,embellishment,applique_patches,0,17,0.0
13,Fall,2021,womens,embellishment,crystal_rhinestone,12,17,0.7058823529411765
13,Fall,2021,womens,embellishment,embroidery,0,17,0.0
13,Fall,2021,womens,embellishment,layered_jewelry,1,17,0.058823529411764705
13,Fall,2021,womens,embellishment,oversized_eyewear,1,17,0.058823529411764705
13,Fall,2021,womens,embellishment,pearls,1,17,0.058823529411764705
13,Fall,2021,womens,embellishment,statement_bow,2,17,0.11764705882352941
13,Fall,2021,womens,fabric_texture,brocade_jacquard,0,17,0.0
13,Fall,2021,womens,fabric_texture,cotton_jersey,0,17,0.0
13,Fall,2021,womens,fabric_texture,faux_fur_trim,6,17,0.35294117647058826
13,Fall,2021,womens,fabric_texture,lace,2,17,0.11764705882352941
13,Fall,2021,womens,fabric_texture,leather,1,17,0.058823529411764705
13,Fall,2021,womens,fabric_texture,sequined_metallic,8,17,0.47058823529411764
13,Fall,2021,womens,fabric_texture,silk,0,17,0.0
13,Fall,2021,womens,fabric_texture,velvet,0,17,0.0
13,Fall,2021,womens,neckline_collar,classic_shirt_collar,1,17,0.058823529411764705
13,Fall,2021,womens,neckline_collar,crew_neckline,0,17,0.0
13,Fall,2021,womens,neckline_collar,peter_pan_collar,3,17,0.17647058823529413
13,Fall,2021,womens,neckline_collar,plunging_neckline,6,17,0.35294117647058826
13,Fall,2021,womens,neckline_collar,pussy_bow,1,17,0.058823529411764705
13,Fall,2021,womens,neckline_collar,ruffled_high_collar,2,17,0.11764705882352941
13,Fall,2021,womens,neckline_collar,turtleneck,4,17,0.23529411764705882
13,Fall,2021,womens,pattern,animal_print,8,17,0.47058823529411764
13,Fall,2021,womens,pattern,floral_print,1,17,0.058823529411764705
13,Fall,2021,womens,pattern,graphic_print,0,17,0.0
13,Fall,2021,womens,pattern,logo_monogram,0,17,0.0
13,Fall,2021,womens,pattern,polka_dot,3,17,0.17647058823529413
13,Fall,2021,womens,pattern,psychedelic_geometric,4,17,0.23529411764705882
13,Fall,2021,womens,pattern,solid_no_pattern,1,17,0.058823529411764705
13,Fall,2021,womens,pattern,striped,0,17,0.0
13,Fall,2021,womens,silhouette,casual_relaxed,0,17,0.0
13,Fall,2021,womens,silhouette,layered_eclectic,2,17,0.11764705882352941
13,Fall,2021,womens,silhouette,maxi_length,8,17,0.47058823529411764
13,Fall,2021,womens,silhouette,mini_length,1,17,0.058823529411764705
13,Fall,2021,womens,silhouette,oversized_boxy,0,17,0.0
13,Fall,2021,womens,silhouette,romantic_bohemian,3,17,0.17647058823529413
13,Fall,2021,womens,silhouette,seventies_flared,2,17,0.11764705882352941
13,Fall,2021,womens,silhouette,structured_tailored,1,17,0.058823529411764705
14,Spring,2022,mens,color,beige_tan,0,20,0.0
14,Spring,2022,mens,color,black,13,20,0.65
14,Spring,2022,mens,color,blue,0,20,0.0
14,Spring,2022,mens,color,brown,7,20,0.35
14,Spring,2022,mens,color,burgundy,0,20,0.0
14,Spring,2022,mens,color,gold_yellow,0,20,0.0
14,Spring,2022,mens,color,gray,0,20,0.0
14,Spring,2022,mens,color,green,0,20,0.0
14,Spring,2022,mens,color,navy,0,20,0.0
14,Spring,2022,mens,color,olive_khaki,0,20,0.0
14,Spring,2022,mens,color,orange,0,20,0.0
14,Spring,2022,mens,color,pink,0,20,0.0
14,Spring,2022,mens,color,purple,0,20,0.0
14,Spring,2022,mens,color,red,0,20,0.0
14,Spring,2022,mens,color,teal,0,20,0.0
14,Spring,2022,mens,color,white,0,20,0.0
14,Spring,2022,mens,embellishment,applique_patches,0,20,0.0
14,Spring,2022,mens,embellishment,crystal_rhinestone,1,20,0.05
14,Spring,2022,mens,embellishment,embroidery,0,20,0.0
14,Spring,2022,mens,embellishment,layered_jewelry,2,20,0.1
14,Spring,2022,mens,embellishment,oversized_eyewear,6,20,0.3
14,Spring,2022,mens,embellishment,pearls,1,20,0.05
14,Spring,2022,mens,embellishment,statement_bow,10,20,0.5
14,Spring,2022,mens,fabric_texture,brocade_jacquard,1,20,0.05
14,Spring,2022,mens,fabric_texture,cotton_jersey,2,20,0.1
14,Spring,2022,mens,fabric_texture,faux_fur_trim,6,20,0.3
14,Spring,2022,mens,fabric_texture,lace,0,20,0.0
14,Spring,2022,mens,fabric_texture,leather,5,20,0.25
14,Spring,2022,mens,fabric_texture,sequined_metallic,3,20,0.15
14,Spring,2022,mens,fabric_texture,silk,2,20,0.1
14,Spring,2022,mens,fabric_texture,velvet,1,20,0.05
14,Spring,2022,mens,neckline_collar,classic_shirt_collar,7,20,0.35
14,Spring,2022,mens,neckline_collar,crew_neckline,0,20,0.0
14,Spring,2022,mens,neckline_collar,peter_pan_collar,0,20,0.0
14,Spring,2022,mens,neckline_collar,plunging_neckline,3,20,0.15
14,Spring,2022,mens,neckline_collar,pussy_bow,9,20,0.45
14,Spring,2022,mens,neckline_collar,ruffled_high_collar,0,20,0.0
14,Spring,2022,mens,neckline_collar,turtleneck,1,20,0.05
14,Spring,2022,mens,pattern,animal_print,1,20,0.05
14,Spring,2022,mens,pattern,floral_print,3,20,0.15
14,Spring,2022,mens,pattern,graphic_print,1,20,0.05
14,Spring,2022,mens,pattern,logo_monogram,2,20,0.1
14,Spring,2022,mens,pattern,polka_dot,7,20,0.35
14,Spring,2022,mens,pattern,psychedelic_geometric,1,20,0.05
14,Spring,2022,mens,pattern,solid_no_pattern,2,20,0.1
14,Spring,2022,mens,pattern,striped,3,20,0.15
14,Spring,2022,mens,silhouette,casual_relaxed,2,20,0.1
14,Spring,2022,mens,silhouette,layered_eclectic,4,20,0.2
14,Spring,2022,mens,silhouette,maxi_length,1,20,0.05
14,Spring,2022,mens,silhouette,mini_length,0,20,0.0
14,Spring,2022,mens,silhouette,oversized_boxy,1,20,0.05
14,Spring,2022,mens,silhouette,romantic_bohemian,2,20,0.1
14,Spring,2022,mens,silhouette,seventies_flared,0,20,0.0
14,Spring,2022,mens,silhouette,structured_tailored,10,20,0.5
14,Spring,2022,womens,color,beige_tan,0,20,0.0
14,Spring,2022,womens,color,black,15,20,0.75
14,Spring,2022,womens,color,blue,0,20,0.0
14,Spring,2022,womens,color,brown,5,20,0.25
14,Spring,2022,womens,color,burgundy,0,20,0.0
14,Spring,2022,womens,color,gold_yellow,0,20,0.0
14,Spring,2022,womens,color,gray,0,20,0.0
14,Spring,2022,womens,color,green,0,20,0.0
14,Spring,2022,womens,color,navy,0,20,0.0
14,Spring,2022,womens,color,olive_khaki,0,20,0.0
14,Spring,2022,womens,color,orange,0,20,0.0
14,Spring,2022,womens,color,pink,0,20,0.0
14,Spring,2022,womens,color,purple,0,20,0.0
14,Spring,2022,womens,color,red,0,20,0.0
14,Spring,2022,womens,color,teal,0,20,0.0
14,Spring,2022,womens,color,white,0,20,0.0
14,Spring,2022,womens,embellishment,applique_patches,0,20,0.0
14,Spring,2022,womens,embellishment,crystal_rhinestone,14,20,0.7
14,Spring,2022,womens,embellishment,embroidery,0,20,0.0
14,Spring,2022,womens,embellishment,layered_jewelry,1,20,0.05
14,Spring,2022,womens,embellishment,oversized_eyewear,3,20,0.15
14,Spring,2022,womens,embellishment,pearls,1,20,0.05
14,Spring,2022,womens,embellishment,statement_bow,1,20,0.05
14,Spring,2022,womens,fabric_texture,brocade_jacquard,0,20,0.0
14,Spring,2022,womens,fabric_texture,cotton_jersey,0,20,0.0
14,Spring,2022,womens,fabric_texture,faux_fur_trim,7,20,0.35
14,Spring,2022,womens,fabric_texture,lace,4,20,0.2
14,Spring,2022,womens,fabric_texture,leather,1,20,0.05
14,Spring,2022,womens,fabric_texture,sequined_metallic,8,20,0.4
14,Spring,2022,womens,fabric_texture,silk,0,20,0.0
14,Spring,2022,womens,fabric_texture,velvet,0,20,0.0
14,Spring,2022,womens,neckline_collar,classic_shirt_collar,0,20,0.0
14,Spring,2022,womens,neckline_collar,crew_neckline,1,20,0.05
14,Spring,2022,womens,neckline_collar,peter_pan_collar,2,20,0.1
14,Spring,2022,womens,neckline_collar,plunging_neckline,14,20,0.7
14,Spring,2022,womens,neckline_collar,pussy_bow,2,20,0.1
14,Spring,2022,womens,neckline_collar,ruffled_high_collar,0,20,0.0
14,Spring,2022,womens,neckline_collar,turtleneck,1,20,0.05
14,Spring,2022,womens,pattern,animal_print,11,20,0.55
14,Spring,2022,womens,pattern,floral_print,2,20,0.1
14,Spring,2022,womens,pattern,graphic_print,2,20,0.1
14,Spring,2022,womens,pattern,logo_monogram,0,20,0.0
14,Spring,2022,womens,pattern,polka_dot,3,20,0.15
14,Spring,2022,womens,pattern,psychedelic_geometric,0,20,0.0
14,Spring,2022,womens,pattern,solid_no_pattern,1,20,0.05
14,Spring,2022,womens,pattern,striped,1,20,0.05
14,Spring,2022,womens,silhouette,casual_relaxed,0,20,0.0
14,Spring,2022,womens,silhouette,layered_eclectic,0,20,0.0
14,Spring,2022,womens,silhouette,maxi_length,11,20,0.55
14,Spring,2022,womens,silhouette,mini_length,2,20,0.1
14,Spring,2022,womens,silhouette,oversized_boxy,1,20,0.05
14,Spring,2022,womens,silhouette,romantic_bohemian,4,20,0.2
14,Spring,2022,womens,silhouette,seventies_flared,0,20,0.0
14,Spring,2022,womens,silhouette,structured_tailored,2,20,0.1
15,Fall,2022,mens,color,beige_tan,4,18,0.2222222222222222
15,Fall,2022,mens,color,black,5,18,0.2777777777777778
15,Fall,2022,mens,color,blue,0,18,0.0
15,Fall,2022,mens,color,brown,2,18,0.1111111111111111
15,Fall,2022,mens,color,burgundy,0,18,0.0
15,Fall,2022,mens,color,gold_yellow,0,18,0.0
15,Fall,2022,mens,color,gray,1,18,0.05555555555555555
15,Fall,2022,mens,color,green,0,18,0.0
15,Fall,2022,mens,color,navy,0,18,0.0
15,Fall,2022,mens,color,olive_khaki,0,18,0.0
15,Fall,2022,mens,color,orange,0,18,0.0
15,Fall,2022,mens,color,pink,1,18,0.05555555555555555
15,Fall,2022,mens,color,purple,0,18,0.0
15,Fall,2022,mens,color,red,0,18,0.0
15,Fall,2022,mens,color,teal,0,18,0.0
15,Fall,2022,mens,color,white,5,18,0.2777777777777778
15,Fall,2022,mens,embellishment,applique_patches,1,18,0.05555555555555555
15,Fall,2022,mens,embellishment,crystal_rhinestone,1,18,0.05555555555555555
15,Fall,2022,mens,embellishment,embroidery,0,18,0.0
15,Fall,2022,mens,embellishment,layered_jewelry,4,18,0.2222222222222222
15,Fall,2022,mens,embellishment,oversized_eyewear,6,18,0.3333333333333333
15,Fall,2022,mens,embellishment,pearls,1,18,0.05555555555555555
15,Fall,2022,mens,embellishment,statement_bow,5,18,0.2777777777777778
15,Fall,2022,mens,fabric_texture,brocade_jacquard,3,18,0.16666666666666666
15,Fall,2022,mens,fabric_texture,cotton_jersey,2,18,0.1111111111111111
15,Fall,2022,mens,fabric_texture,faux_fur_trim,0,18,0.0
15,Fall,2022,mens,fabric_texture,lace,1,18,0.05555555555555555
15,Fall,2022,mens,fabric_texture,leather,8,18,0.4444444444444444
15,Fall,2022,mens,fabric_texture,sequined_metallic,2,18,0.1111111111111111
15,Fall,2022,mens,fabric_texture,silk,1,18,0.05555555555555555
15,Fall,2022,mens,fabric_texture,velvet,1,18,0.05555555555555555
15,Fall,2022,mens,neckline_collar,classic_shirt_collar,10,18,0.5555555555555556
15,Fall,2022,mens,neckline_collar,crew_neckline,0,18,0.0
15,Fall,2022,mens,neckline_collar,peter_pan_collar,2,18,0.1111111111111111
15,Fall,2022,mens,neckline_collar,plunging_neckline,0,18,0.0
15,Fall,2022,mens,neckline_collar,pussy_bow,2,18,0.1111111111111111
15,Fall,2022,mens,neckline_collar,ruffled_high_collar,1,18,0.05555555555555555
15,Fall,2022,mens,neckline_collar,turtleneck,3,18,0.16666666666666666
15,Fall,2022,mens,pattern,animal_print,1,18,0.05555555555555555
15,Fall,2022,mens,pattern,floral_print,1,18,0.05555555555555555
15,Fall,2022,mens,pattern,graphic_print,0,18,0.0
15,Fall,2022,mens,pattern,logo_monogram,0,18,0.0
15,Fall,2022,mens,pattern,polka_dot,2,18,0.1111111111111111
15,Fall,2022,mens,pattern,psychedelic_geometric,3,18,0.16666666666666666
15,Fall,2022,mens,pattern,solid_no_pattern,2,18,0.1111111111111111
15,Fall,2022,mens,pattern,striped,9,18,0.5
15,Fall,2022,mens,silhouette,casual_relaxed,0,18,0.0
15,Fall,2022,mens,silhouette,layered_eclectic,2,18,0.1111111111111111
15,Fall,2022,mens,silhouette,maxi_length,2,18,0.1111111111111111
15,Fall,2022,mens,silhouette,mini_length,0,18,0.0
15,Fall,2022,mens,silhouette,oversized_boxy,1,18,0.05555555555555555
15,Fall,2022,mens,silhouette,romantic_bohemian,0,18,0.0
15,Fall,2022,mens,silhouette,seventies_flared,0,18,0.0
15,Fall,2022,mens,silhouette,structured_tailored,13,18,0.7222222222222222
15,Fall,2022,womens,color,beige_tan,2,16,0.125
15,Fall,2022,womens,color,black,1,16,0.0625
15,Fall,2022,womens,color,blue,0,16,0.0
15,Fall,2022,womens,color,brown,2,16,0.125
15,Fall,2022,womens,color,burgundy,0,16,0.0
15,Fall,2022,womens,color,gold_yellow,0,16,0.0
15,Fall,2022,womens,color,gray,4,16,0.25
15,Fall,2022,womens,color,green,0,16,0.0
15,Fall,2022,womens,color,navy,0,16,0.0
15,Fall,2022,womens,color,olive_khaki,0,16,0.0
15,Fall,2022,womens,color,orange,0,16,0.0
15,Fall,2022,womens,color,pink,0,16,0.0
15,Fall,2022,womens,color,purple,0,16,0.0
15,Fall,2022,womens,color,red,0,16,0.0
15,Fall,2022,womens,color,teal,0,16,0.0
15,Fall,2022,womens,color,white,7,16,0.4375
15,Fall,2022,womens,embellishment,applique_patches,1,16,0.0625
15,Fall,2022,womens,embellishment,crystal_rhinestone,3,16,0.1875
15,Fall,2022,womens,embellishment,embroidery,0,16,0.0
15,Fall,2022,womens,embellishment,layered_jewelry,5,16,0.3125
15,Fall,2022,womens,embellishment,oversized_eyewear,4,16,0.25
15,Fall,2022,womens,embellishment,pearls,2,16,0.125
15,Fall,2022,womens,embellishment,statement_bow,1,16,0.0625
15,Fall,2022,womens,fabric_texture,brocade_jacquard,0,16,0.0
15,Fall,2022,womens,fabric_texture,cotton_jersey,1,16,0.0625
15,Fall,2022,womens,fabric_texture,faux_fur_trim,5,16,0.3125
15,Fall,2022,womens,fabric_texture,lace,1,16,0.0625
15,Fall,2022,womens,fabric_texture,leather,5,16,0.3125
15,Fall,2022,womens,fabric_texture,sequined_metallic,1,16,0.0625
15,Fall,2022,womens,fabric_texture,silk,3,16,0.1875
15,Fall,2022,womens,fabric_texture,velvet,0,16,0.0
15,Fall,2022,womens,neckline_collar,classic_shirt_collar,2,16,0.125
15,Fall,2022,womens,neckline_collar,crew_neckline,1,16,0.0625
15,Fall,2022,womens,neckline_collar,peter_pan_collar,3,16,0.1875
15,Fall,2022,womens,neckline_collar,plunging_neckline,2,16,0.125
15,Fall,2022,womens,neckline_collar,pussy_bow,1,16,0.0625
15,Fall,2022,womens,neckline_collar,ruffled_high_collar,2,16,0.125
15,Fall,2022,womens,neckline_collar,turtleneck,5,16,0.3125
15,Fall,2022,womens,pattern,animal_print,4,16,0.25
15,Fall,2022,womens,pattern,floral_print,0,16,0.0
15,Fall,2022,womens,pattern,graphic_print,0,16,0.0
15,Fall,2022,womens,pattern,logo_monogram,2,16,0.125
15,Fall,2022,womens,pattern,polka_dot,1,16,0.0625
15,Fall,2022,womens,pattern,psychedelic_geometric,2,16,0.125
15,Fall,2022,womens,pattern,solid_no_pattern,0,16,0.0
15,Fall,2022,womens,pattern,striped,7,16,0.4375
15,Fall,2022,womens,silhouette,casual_relaxed,1,16,0.0625
15,Fall,2022,womens,silhouette,layered_eclectic,2,16,0.125
15,Fall,2022,womens,silhouette,maxi_length,6,16,0.375
15,Fall,2022,womens,silhouette,mini_length,3,16,0.1875
15,Fall,2022,womens,silhouette,oversized_boxy,0,16,0.0
15,Fall,2022,womens,silhouette,romantic_bohemian,0,16,0.0
15,Fall,2022,womens,silhouette,seventies_flared,1,16,0.0625
15,Fall,2022,womens,silhouette,structured_tailored,3,16,0.1875
16,Spring,2023,mens,color,beige_tan,0,14,0.0
16,Spring,2023,mens,color,black,11,14,0.7857142857142857
16,Spring,2023,mens,color,blue,0,14,0.0
16,Spring,2023,mens,color,brown,1,14,0.07142857142857142
16,Spring,2023,mens,color,burgundy,0,14,0.0
16,Spring,2023,mens,color,gold_yellow,0,14,0.0
16,Spring,2023,mens,color,gray,2,14,0.14285714285714285
16,Spring,2023,mens,color,green,0,14,0.0
16,Spring,2023,mens,color,navy,0,14,0.0
16,Spring,2023,mens,color,olive_khaki,0,14,0.0
16,Spring,2023,mens,color,orange,0,14,0.0
16,Spring,2023,mens,color,pink,0,14,0.0
16,Spring,2023,mens,color,purple,0,14,0.0
16,Spring,2023,mens,color,red,0,14,0.0
16,Spring,2023,mens,color,teal,0,14,0.0
16,Spring,2023,mens,color,white,0,14,0.0
16,Spring,2023,mens,embellishment,applique_patches,6,14,0.42857142857142855
16,Spring,2023,mens,embellishment,crystal_rhinestone,1,14,0.07142857142857142
16,Spring,2023,mens,embellishment,embroidery,0,14,0.0
16,Spring,2023,mens,embellishment,layered_jewelry,0,14,0.0
16,Spring,2023,mens,embellishment,oversized_eyewear,7,14,0.5
16,Spring,2023,mens,embellishment,pearls,0,14,0.0
16,Spring,2023,mens,embellishment,statement_bow,0,14,0.0
16,Spring,2023,mens,fabric_texture,brocade_jacquard,1,14,0.07142857142857142
16,Spring,2023,mens,fabric_texture,cotton_jersey,2,14,0.14285714285714285
16,Spring,2023,mens,fabric_texture,faux_fur_trim,0,14,0.0
16,Spring,2023,mens,fabric_texture,lace,0,14,0.0
16,Spring,2023,mens,fabric_texture,leather,6,14,0.42857142857142855
16,Spring,2023,mens,fabric_texture,sequined_metallic,4,14,0.2857142857142857
16,Spring,2023,mens,fabric_texture,silk,0,14,0.0
16,Spring,2023,mens,fabric_texture,velvet,1,14,0.07142857142857142
16,Spring,2023,mens,neckline_collar,classic_shirt_collar,7,14,0.5
16,Spring,2023,mens,neckline_collar,crew_neckline,0,14,0.0
16,Spring,2023,mens,neckline_collar,peter_pan_collar,2,14,0.14285714285714285
16,Spring,2023,mens,neckline_collar,plunging_neckline,0,14,0.0
16,Spring,2023,mens,neckline_collar,pussy_bow,3,14,0.21428571428571427
16,Spring,2023,mens,neckline_collar,ruffled_high_collar,0,14,0.0
16,Spring,2023,mens,neckline_collar,turtleneck,2,14,0.14285714285714285
16,Spring,2023,mens,pattern,animal_print,0,14,0.0
16,Spring,2023,mens,pattern,floral_print,1,14,0.07142857142857142
16,Spring,2023,mens,pattern,graphic_print,0,14,0.0
16,Spring,2023,mens,pattern,logo_monogram,2,14,0.14285714285714285
16,Spring,2023,mens,pattern,polka_dot,2,14,0.14285714285714285
16,Spring,2023,mens,pattern,psychedelic_geometric,2,14,0.14285714285714285
16,Spring,2023,mens,pattern,solid_no_pattern,0,14,0.0
16,Spring,2023,mens,pattern,striped,7,14,0.5
16,Spring,2023,mens,silhouette,casual_relaxed,2,14,0.14285714285714285
16,Spring,2023,mens,silhouette,layered_eclectic,1,14,0.07142857142857142
16,Spring,2023,mens,silhouette,maxi_length,0,14,0.0
16,Spring,2023,mens,silhouette,mini_length,2,14,0.14285714285714285
16,Spring,2023,mens,silhouette,oversized_boxy,0,14,0.0
16,Spring,2023,mens,silhouette,romantic_bohemian,0,14,0.0
16,Spring,2023,mens,silhouette,seventies_flared,1,14,0.07142857142857142
16,Spring,2023,mens,silhouette,structured_tailored,8,14,0.5714285714285714
16,Spring,2023,womens,color,beige_tan,1,19,0.05263157894736842
16,Spring,2023,womens,color,black,13,19,0.6842105263157895
16,Spring,2023,womens,color,blue,0,19,0.0
16,Spring,2023,womens,color,brown,2,19,0.10526315789473684
16,Spring,2023,womens,color,burgundy,0,19,0.0
16,Spring,2023,womens,color,gold_yellow,0,19,0.0
16,Spring,2023,womens,color,gray,2,19,0.10526315789473684
16,Spring,2023,womens,color,green,0,19,0.0
16,Spring,2023,womens,color,navy,0,19,0.0
16,Spring,2023,womens,color,olive_khaki,0,19,0.0
16,Spring,2023,womens,color,orange,0,19,0.0
16,Spring,2023,womens,color,pink,0,19,0.0
16,Spring,2023,womens,color,purple,0,19,0.0
16,Spring,2023,womens,color,red,1,19,0.05263157894736842
16,Spring,2023,womens,color,teal,0,19,0.0
16,Spring,2023,womens,color,white,0,19,0.0
16,Spring,2023,womens,embellishment,applique_patches,2,19,0.10526315789473684
16,Spring,2023,womens,embellishment,crystal_rhinestone,1,19,0.05263157894736842
16,Spring,2023,womens,embellishment,embroidery,4,19,0.21052631578947367
16,Spring,2023,womens,embellishment,layered_jewelry,1,19,0.05263157894736842
16,Spring,2023,womens,embellishment,oversized_eyewear,8,19,0.42105263157894735
16,Spring,2023,womens,embellishment,pearls,1,19,0.05263157894736842
16,Spring,2023,womens,embellishment,statement_bow,2,19,0.10526315789473684
16,Spring,2023,womens,fabric_texture,brocade_jacquard,0,19,0.0
16,Spring,2023,womens,fabric_texture,cotton_jersey,1,19,0.05263157894736842
16,Spring,2023,womens,fabric_texture,faux_fur_trim,2,19,0.10526315789473684
16,Spring,2023,womens,fabric_texture,lace,1,19,0.05263157894736842
16,Spring,2023,womens,fabric_texture,leather,5,19,0.2631578947368421
16,Spring,2023,womens,fabric_texture,sequined_metallic,8,19,0.42105263157894735
16,Spring,2023,womens,fabric_texture,silk,2,19,0.10526315789473684
16,Spring,2023,womens,fabric_texture,velvet,0,19,0.0
16,Spring,2023,womens,neckline_collar,classic_shirt_collar,1,19,0.05263157894736842
16,Spring,2023,womens,neckline_collar,crew_neckline,2,19,0.10526315789473684
16,Spring,2023,womens,neckline_collar,peter_pan_collar,4,19,0.21052631578947367
16,Spring,2023,womens,neckline_collar,plunging_neckline,4,19,0.21052631578947367
16,Spring,2023,womens,neckline_collar,pussy_bow,4,19,0.21052631578947367
16,Spring,2023,womens,neckline_collar,ruffled_high_collar,1,19,0.05263157894736842
16,Spring,2023,womens,neckline_collar,turtleneck,3,19,0.15789473684210525
16,Spring,2023,womens,pattern,animal_print,0,19,0.0
16,Spring,2023,womens,pattern,floral_print,3,19,0.15789473684210525
16,Spring,2023,womens,pattern,graphic_print,0,19,0.0
16,Spring,2023,womens,pattern,logo_monogram,1,19,0.05263157894736842
16,Spring,2023,womens,pattern,polka_dot,0,19,0.0
16,Spring,2023,womens,pattern,psychedelic_geometric,4,19,0.21052631578947367
16,Spring,2023,womens,pattern,solid_no_pattern,3,19,0.15789473684210525
16,Spring,2023,womens,pattern,striped,8,19,0.42105263157894735
16,Spring,2023,womens,silhouette,casual_relaxed,2,19,0.10526315789473684
16,Spring,2023,womens,silhouette,layered_eclectic,3,19,0.15789473684210525
16,Spring,2023,womens,silhouette,maxi_length,4,19,0.21052631578947367
16,Spring,2023,womens,silhouette,mini_length,4,19,0.21052631578947367
16,Spring,2023,womens,silhouette,oversized_boxy,1,19,0.05263157894736842
16,Spring,2023,womens,silhouette,romantic_bohemian,1,19,0.05263157894736842
16,Spring,2023,womens,silhouette,seventies_flared,1,19,0.05263157894736842
16,Spring,2023,womens,silhouette,structured_tailored,3,19,0.15789473684210525
