line,axis,label,mean_prevalence,slope,r_squared,p_value,direction,projected_next_season
mens,color,black,0.4508104589446501,0.017790364071722204,0.05635624640686553,0.37599247252311097,stable,0.6020285535542889
mens,color,white,0.17120726495726496,0.0161701860231272,0.0488151143844615,0.4108989456764012,stable,0.30865384615384617
mens,color,pink,0.0034722222222222186,0.0010620915032679727,0.1325490196078431,0.16565812529123314,stable,0.012499999999999987
mens,color,olive_khaki,0.004464285714285712,0.0007352941176470584,0.03843137254901959,0.46682484902655086,stable,0.010714285714285707
mens,color,gold_yellow,0.0,0.0,,,stable,0.0
mens,color,orange,0.0,0.0,,,stable,0.0
mens,color,purple,0.0,0.0,,,stable,0.0
mens,color,red,0.0,0.0,,,stable,0.0
mens,color,teal,0.0,0.0,,,stable,0.0
mens,color,brown,0.10131017369068838,-0.00019183899049816296,4.592487356473208e-05,0.9801280964186551,stable,0.09967954227145401
mens,color,navy,0.00390625,-0.00045955882352941176,0.019607843137254905,0.604990421586917,stable,0.0
mens,color,green,0.005208333333333331,-0.001102941176470588,0.06352941176470592,0.3463223972679117,stable,0.0
mens,color,blue,0.01171875,-0.0013786764705882354,0.019607843137254898,0.604990421586917,stable,0.0
mens,color,beige_tan,0.07249694749694749,-0.00155857214680744,0.002665715050153401,0.8493913495882228,stable,0.059249084249084254
mens,color,burgundy,0.04602272727272727,-0.0125,0.13941036936631648,0.15430399408316514,stable,0.0
mens,color,gray,0.12938258636788047,-0.0185663481078706,0.12117592930258893,0.1864197476685058,stable,0.0
womens,color,black,0.3775449919340206,0.01940983993621264,0.062668015055846,0.3497232333445207,stable,0.542528631391828
womens,color,white,0.15823687648136175,0.018125178238716302,0.07096260935384821,0.3186232316960572,stable,0.3123008915104503
womens,color,red,0.003289473684210525,0.001160990712074303,0.1764705882352941,0.10522805798352185,stable,0.0131578947368421
womens,color,beige_tan,0.07762185086585241,0.0007066404199212453,0.0004679909100998461,0.9366177447855271,stable,0.08362829443518299
womens,color,burgundy,0.0,0.0,,,stable,0.0
womens,color,gold_yellow,0.0,0.0,,,stable,0.0
womens,color,green,0.0,0.0,,,stable,0.0
womens,color,navy,0.0,0.0,,,stable,0.0
womens,color,olive_khaki,0.0,0.0,,,stable,0.0
womens,color,orange,0.0,0.0,,,stable,0.0
womens,color,pink,0.0,0.0,,,stable,0.0
womens,color,purple,0.0,0.0,,,stable,0.0
womens,color,teal,0.0,0.0,,,stable,0.0
womens,color,blue,0.016666666666666663,-0.0019607843137254897,0.019607843137254898,0.604990421586917,stable,0.0
womens,color,brown,0.19689238296533185,-0.014912065981429483,0.07825634296987304,0.29402092573520844,stable,0.0701398221231812
womens,color,gray,0.16974775740255615,-0.022529799011769512,0.2013959786906417,0.08122635682151963,falling,0.0
mens,embellishment,oversized_eyewear,0.3356932436436113,0.014443954618046316,0.14003707957804354,0.1533074748906034,stable,0.45846685789700503
mens,embellishment,statement_bow,0.14579513113520465,0.008129112693342797,0.08346673107376058,0.2778168753889787,stable,0.2148925890286184
mens,embellishment,crystal_rhinestone,0.08711351965028434,0.008045737903004337,0.052601933815209494,0.39284909145569474,stable,0.1555022918258212
mens,embellishment,layered_jewelry,0.07151617275698158,-0.0015074730872741255,0.005848901792257151,0.7783196763636043,stable,0.05870265151515151
mens,embellishment,embroidery,0.05018024255156607,-0.0037002595155709336,0.0727189492559549,0.3124799785675699,stable,0.018728036669213133
mens,embellishment,pearls,0.055010083870377965,-0.005696292845946826,0.05374140771508566,0.38762841367455764,stable,0.006591594679829935
mens,embellishment,applique_patches,0.254691606391974,-0.01971477976560157,0.17333384992374212,0.10869828699865397,stable,0.08711597838436069
womens,embellishment,crystal_rhinestone,0.16199955311071795,0.016678794195696855,0.11235972534470269,0.20438809083882456,stable,0.30376930377414124
womens,embellishment,oversized_eyewear,0.2105898584130008,0.01116184208858585,0.09426218182220941,0.24740569856533,stable,0.3054655161659805
womens,embellishment,pearls,0.08295947554122862,0.0028567540674283524,0.036212603903726555,0.4802310915938766,stable,0.1072418851143696
womens,embellishment,statement_bow,0.1341088953293868,-0.0028648083727418087,0.01972720072684668,0.6038826721663374,stable,0.10975802416108142
womens,embellishment,applique_patches,0.07124193047664408,-0.003032400087922761,0.03423178148503652,0.49271309568638066,stable,0.04546652972930061
womens,embellishment,layered_jewelry,0.1373867449307658,-0.007082992907808515,0.08297902271984607,0.27928867192242657,stable,0.07718130521439343
womens,embellishment,embroidery,0.2017135421982558,-0.017717188983237975,0.28549576078917727,0.0329950637270317,falling,0.05111743584073303
mens,fabric_texture,sequined_metallic,0.11193917908072319,0.010408033311363762,0.19311291686641527,0.08854615495886094,rising,0.20040746222731515
mens,fabric_texture,leather,0.2584385538889215,0.005973620405930095,0.01944511340531678,0.6065074602667085,stable,0.3092143273393273
mens,fabric_texture,silk,0.02828464937839937,0.0013463109602815484,0.02700751308207834,0.5430591693968331,stable,0.039728292540792534
mens,fabric_texture,lace,0.03827037443765384,-0.0010410659361783942,0.007928043985724656,0.7429725019494448,stable,0.02942131398013749
mens,fabric_texture,velvet,0.07885707021736432,-0.002261133714420913,0.01748369597188492,0.6254414709683509,stable,0.05963743364478657
mens,fabric_texture,faux_fur_trim,0.14489544870978693,-0.0022891435986159164,0.009008907899480147,0.7265979238001594,stable,0.12543772812155163
mens,fabric_texture,cotton_jersey,0.22672208306399477,-0.0031705129261357635,0.007007315624540775,0.7579159737280878,stable,0.19977272319184075
mens,fabric_texture,brocade_jacquard,0.1125926412231559,-0.008966108502224417,0.06562381191606406,0.3382254438266281,stable,0.03638071895424835
womens,fabric_texture,sequined_metallic,0.1892469614363964,0.015263094937903716,0.23015430668342715,0.06003622387558292,rising,0.318983268408578
womens,fabric_texture,cotton_jersey,0.07469970528697309,0.010014508006107896,0.10061451874222296,0.23126993115475633,stable,0.1598230233388902
womens,fabric_texture,faux_fur_trim,0.19038734420893863,0.007310281459571208,0.06602030277156072,0.33671935235537803,stable,0.2525247366152939
womens,fabric_texture,leather,0.15503115466834502,0.004473083410549267,0.0455443089057833,0.4274248765418116,stable,0.19305236365801381
womens,fabric_texture,silk,0.04066491348563715,0.0034043855396409567,0.07080916055923227,0.3191668867666824,stable,0.06960219057258529
womens,fabric_texture,velvet,0.01608709273182956,-0.0016522924959457455,0.07355007169263066,0.3096228303162918,stable,0.0020426065162907243
womens,fabric_texture,brocade_jacquard,0.11664549169870377,-0.017361614626798562,0.3310940261169099,0.019692822849566895,falling,0.0
womens,fabric_texture,lace,0.21723733648317622,-0.021451446231028726,0.45382283867352075,0.00422227120703498,falling,0.034900043519432045
mens,neckline_collar,pussy_bow,0.129418722617252,0.0038641493550663083,0.018538867335285043,0.6151026952366141,stable,0.16226399213531562
mens,neckline_collar,ruffled_high_collar,0.01776960784313725,0.0033977316416762774,0.16205738888825846,0.12212873165171055,stable,0.04665032679738561
mens,neckline_collar,classic_shirt_collar,0.48032147590971114,0.0025787603880164465,0.003593567160928365,0.8254569568328587,stable,0.502240939207851
mens,neckline_collar,turtleneck,0.11660472901281722,0.0011623620036249785,0.0037839503135623834,0.820961009626911,stable,0.12648480604362955
mens,neckline_collar,peter_pan_collar,0.15813999113631466,-0.0027048266516259615,0.008369562691356731,0.7361436251248564,stable,0.13514896459749398
mens,neckline_collar,crew_neckline,0.05996138257167667,-0.003371706148522758,0.11733618806493168,0.19403044985299703,stable,0.03130188030923323
mens,neckline_collar,plunging_neckline,0.037784090909090906,-0.0049264705882352934,0.04000515559778236,0.4576583194452864,stable,0.0
womens,neckline_collar,turtleneck,0.08270987671384342,0.013794886762754635,0.32022333808486303,0.022320634916818384,rising,0.1999664141972578
womens,neckline_collar,ruffled_high_collar,0.09568959162612412,0.0013899801406630778,0.004478912386445461,0.8054818833680748,stable,0.10750442282176029
womens,neckline_collar,pussy_bow,0.1058798810516109,0.0004233061109654632,0.0010379442266782962,0.9057152821954391,stable,0.10947798299481734
womens,neckline_collar,classic_shirt_collar,0.048816274991778076,-0.000610103829576602,0.0037379905828787696,0.8220353361452832,stable,0.043630392440376954
womens,neckline_collar,crew_neckline,0.09311153484673218,-0.0009686653001281471,0.0033837825531149055,0.8305574559341118,stable,0.08487787979564293
womens,neckline_collar,peter_pan_collar,0.28542385198006326,-0.0018222427992392468,0.0025641069531106998,0.8522596418332453,stable,0.26993478818652966
womens,neckline_collar,plunging_neckline,0.2883689887898479,-0.01220716108543918,0.0768039955522446,0.2987337676289078,stable,0.18460811956361486
mens,pattern,striped,0.21603809793148027,0.022221963446011888,0.4164384619582531,0.006941104036130445,rising,0.4049247872225813
mens,pattern,psychedelic_geometric,0.07962095094448032,0.0047759499727492785,0.07988622249708123,0.2888360420865806,stable,0.12021652571284919
mens,pattern,polka_dot,0.15485354616788438,0.002930459702734788,0.01612099706330033,0.6393694432789625,stable,0.17976245364113008
mens,pattern,graphic_print,0.019184027777777776,0.0007169117647058826,0.008822079365846596,0.7293475041622971,stable,0.025277777777777777
mens,pattern,animal_print,0.10360879418783829,-0.001257495268092154,0.0020631049483855355,0.867344305978378,stable,0.09292008440905498
mens,pattern,logo_monogram,0.06558123249299719,-0.004357390014829462,0.04556565222714576,0.42731402928469214,stable,0.028543417366946752
mens,pattern,floral_print,0.1394132674923116,-0.01211266086374218,0.26744089189711245,0.04022800694015031,falling,0.03645565015050306
mens,pattern,solid_no_pattern,0.22170008300523003,-0.012917738739538045,0.14322391018901254,0.14834069310400227,stable,0.11189930371915666
womens,pattern,striped,0.13367918523684774,0.016390976609743684,0.255296407045471,0.04588783370151461,rising,0.27300248641966907
womens,pattern,polka_dot,0.12824860333809635,0.008483807460826675,0.09589884673909335,0.24313195746380895,stable,0.20036096675512308
womens,pattern,animal_print,0.18501655723017948,0.008478043992066942,0.06343535649721455,0.3466916958540916,stable,0.2570799311627485
womens,pattern,logo_monogram,0.03291115408714092,0.0024211582406241856,0.07804772620326109,0.2946924480431974,stable,0.053490999132446496
womens,pattern,psychedelic_geometric,0.12595793251511128,0.0006670466174085735,0.0009016267496410374,0.9121005860137376,stable,0.13162782876308415
womens,pattern,graphic_print,0.0368172268907563,-0.0012164277475696147,0.01283251314765782,0.6761551444422675,stable,0.026477591036414568
womens,pattern,solid_no_pattern,0.09498714085836762,-0.005888383663777491,0.07188571873171046,0.31537636524186646,stable,0.04493587971625895
womens,pattern,floral_print,0.2623821998435001,-0.029336221509322948,0.4115263307828773,0.007394543403105013,falling,0.013024317014255049
mens,silhouette,structured_tailored,0.4666232409339027,0.007983326626276451,0.04996630278347464,0.4052939830768206,stable,0.5344815172572526
mens,silhouette,layered_eclectic,0.13222803544494718,0.006385633061671123,0.0490858407916596,0.4095712548517815,stable,0.1865059164691517
mens,silhouette,seventies_flared,0.04957074175824175,0.0005631868131868121,0.0017055146127978107,0.8793011947882686,stable,0.05435782967032965
mens,silhouette,oversized_boxy,0.032209967320261434,-0.0006636870434448301,0.004396332449703632,0.8072517497534613,stable,0.026568627450980382
mens,silhouette,mini_length,0.10305139101094982,-0.001708168561542266,0.005050600372720579,0.7936753639238812,stable,0.08853195823784055
mens,silhouette,maxi_length,0.07109802472853942,-0.0031070242953893457,0.03765848382886463,0.4714287971470135,stable,0.044688318217729985
mens,silhouette,casual_relaxed,0.10786064425770306,-0.003534148953699127,0.04958065353028734,0.40715986008114147,stable,0.07782037815126049
mens,silhouette,romantic_bohemian,0.03735795454545454,-0.005919117647058824,0.1358675096834226,0.1600633396550247,stable,0.0
womens,silhouette,maxi_length,0.2843496254777214,0.014440220360590056,0.21473820158904705,0.07063846681582339,rising,0.40709149854273685
womens,silhouette,seventies_flared,0.05040151814774491,0.005413719578090822,0.14265086596581403,0.14922157290194818,stable,0.0964181345615169
womens,silhouette,mini_length,0.16183090645164946,0.0054025351507595186,0.048226365343571886,0.4138069219831805,stable,0.20775245523310537
womens,silhouette,oversized_boxy,0.02999490914786966,0.0029203062804068988,0.09440545272455665,0.24702824924084626,stable,0.0548175125313283
womens,silhouette,structured_tailored,0.09317130318726677,0.0006547558592381962,0.002115160692477371,0.8656951182496885,stable,0.09873672799079145
womens,silhouette,casual_relaxed,0.031066699199922866,0.00030039394300230264,0.001412541653974206,0.8900918351880557,stable,0.03362004771544244
womens,silhouette,layered_eclectic,0.13696143816838474,-0.0012297643813419625,0.0012770397306111473,0.8954680466084233,stable,0.12650844092697808
womens,silhouette,romantic_bohemian,0.21222360021943998,-0.027902166790745826,0.6199386802167889,0.00029410227057674474,falling,0.0
