look_id,house,season,year,season_index,line,collection_name,image_filename,source_url,access_date,notes
gucci_fall_2015_mens_001,Gucci,Fall,2015,1,mens,Fall 2015 Menswear,look_001.png,https://www.youtube.com/watch?v=Nmeof_mVJQs,2026-08-10,
gucci_fall_2015_mens_002,Gucci,Fall,2015,1,mens,Fall 2015 Menswear,look_002.png,https://www.youtube.com/watch?v=Nmeof_mVJQs,2026-08-10,
gucci_fall_2015_mens_003,Gucci,Fall,2015,1,mens,Fall 2015 Menswear,look_003.png,https://www.youtube.com/watch?v=Nmeof_mVJQs,2026-08-10,
gucci_fall_2015_mens_004,Gucci,Fall,2015,1,mens,Fall 2015 Menswear,look_004.png,https://www.youtube.com/watch?v=Nmeof_mVJQs,2026-08-10,
gucci_fall_2015_mens_005,Gucci,Fall,2015,1,mens,Fall 2015 Menswear,look_005.png,https://www.youtube.com/watch?v=Nmeof_mVJQs,2026-08-10,
gucci_fall_2015_mens_006,Gucci,Fall,2015,1,mens,Fall 2015 Menswear,look_006.png,https://www.youtube.com/watch?v=Nmeof_mVJQs,2026-08-10,
gucci_fall_2015_mens_007,Gucci,Fall,2015,1,mens,Fall 2015 Menswear,look_007.png,https://www.youtube.com/watch?v=Nmeof_mVJQs,2026-08-10,
gucci_fall_2015_mens_008,Gucci,Fall,2015,1,mens,Fall 2015 Menswear,look_008.png,https://www.youtube.com/watch?v=Nmeof_mVJQs,2026-08-10,
gucci_fall_2015_mens_009,Gucci,Fall,2015,1,mens,Fall 2015 Menswear,look_009.png,https://www.youtube.com/watch?v=Nmeof_mVJQs,2026-08-10,
gucci_fall_2015_mens_010,Gucci,Fall,2015,1,mens,Fall 2015 Menswear,look_010.png,https://www.youtube.com/watch?v=Nmeof_mVJQs,2026-08-10,
gucci_fall_2015_womens_001,Gucci,Fall,2015,1,womens,Fall 2015 Ready-to-Wear,look_001.png,https://wwd.com/fashion-news/shows-reviews/gallery/gucci-rtw-fall-2015/gucci-rtw-fall-2015-8229026-portrait/,2026-08-10,
gucci_fall_2015_womens_002,Gucci,Fall,2015,1,womens,Fall 2015 Ready-to-Wear,look_002.png,https://wwd.com/fashion-news/shows-reviews/gallery/gucci-rtw-fall-2015/gucci-rtw-fall-2015-8229026-portrait/,2026-08-10,
gucci_fall_2015_womens_003,Gucci,Fall,2015,1,womens,Fall 2015 Ready-to-Wear,look_003.png,https://wwd.com/fashion-news/shows-reviews/gallery/gucci-rtw-fall-2015/gucci-rtw-fall-2015-8229026-portrait/,2026-08-10,
gucci_fall_2015_womens_004,Gucci,Fall,2015,1,womens,Fall 2015 Ready-to-Wear,look_004.png,https://wwd.com/fashion-news/shows-reviews/gallery/gucci-rtw-fall-2015/gucci-rtw-fall-2015-8229026-portrait/,2026-08-10,
gucci_fall_2015_womens_005,Gucci,Fall,2015,1,womens,Fall 2015 Ready-to-Wear,look_005.png,https://wwd.com/fashion-news/shows-reviews/gallery/gucci-rtw-fall-2015/gucci-rtw-fall-2015-8229026-portrait/,2026-08-10,
gucci_fall_2015_womens_006,Gucci,Fall,2015,1,womens,Fall 2015 Ready-to-Wear,look_006.png,https://wwd.com/fashion-news/shows-reviews/gallery/gucci-rtw-fall-2015/gucci-rtw-fall-2015-8229026-portrait/,2026-08-10,
gucci_fall_2015_womens_007,Gucci,Fall,2015,1,womens,Fall 2015 Ready-to-Wear,look_007.png,https://wwd.com/fashion-news/shows-reviews/gallery/gucci-rtw-fall-2015/gucci-rtw-fall-2015-8229026-portrait/,2026-08-10,
gucci_fall_2015_womens_008,Gucci,Fall,2015,1,womens,Fall 2015 Ready-to-Wear,look_008.png,https://wwd.com/fashion-news/shows-reviews/gallery/gucci-rtw-fall-2015/gucci-rtw-fall-2015-8229026-portrait/,2026-08-10,
gucci_fall_2015_womens_009,Gucci,Fall,2015,1,womens,Fall 2015 Ready-to-Wear,look_009.png,https://wwd.com/fashion-news/shows-reviews/gallery/gucci-rtw-fall-2015/gucci-rtw-fall-2015-8229026-portrait/,2026-08-10,
gucci_fall_2015_womens_010,Gucci,Fall,2015,1,womens,Fall 2015 Ready-to-Wear,look_010.png,https://wwd.com/fashion-news/shows-reviews/gallery/gucci-rtw-fall-2015/gucci-rtw-fall-2015-8229026-portrait/,2026-08-10,
gucci_fall_2015_womens_011,Gucci,Fall,2015,1,womens,Fall 2015 Ready-to-Wear,look_011.png,https://wwd.com/fashion-news/shows-reviews/gallery/gucci-rtw-fall-2015/gucci-rtw-fall-2015-8229026-portrait/,2026-08-10,
gucci_fall_2015_womens_012,Gucci,Fall,2015,1,womens,Fall 2015 Ready-to-Wear,look_012.png,https://wwd.com/fashion-news/shows-reviews/gallery/gucci-rtw-fall-2015/gucci-rtw-fall-2015-8229026-portrait/,2026-08-10,
gucci_fall_2015_womens_013,Gucci,Fall,2015,1,womens,Fall 2015 Ready-to-Wear,look_013.png,https://wwd.com/fashion-news/shows-reviews/gallery/gucci-rtw-fall-2015/gucci-rtw-fall-2015-8229026-portrait/,2026-08-10,
gucci_spring_2016_mens_001,Gucci,Spring,2016,2,mens,Spring 2016 Menswear,look_001.png,https://wwd.com/fashion-news/shows-reviews/gallery/gucci-rtw-spring-10238273/gucci-rtw-spring-2016-6/,2026-08-12,
gucci_spring_2016_mens_002,Gucci,Spring,2016,2,mens,Spring 2016 Menswear,look_002.png,https://wwd.com/fashion-news/shows-reviews/gallery/gucci-rtw-spring-10238273/gucci-rtw-spring-2016-6/,2026-08-12,
gucci_spring_2016_mens_003,Gucci,Spring,2016,2,mens,Spring 2016 Menswear,look_003.png,https://wwd.com/fashion-news/shows-reviews/gallery/gucci-rtw-spring-10238273/gucci-rtw-spring-2016-6/,2026-08-12,
gucci_spring_2016_mens_004,Gucci,Spring,2016,2,mens,Spring 2016 Menswear,look_004.png,https://wwd.com/fashion-news/shows-reviews/gallery/gucci-rtw-spring-10238273/gucci-rtw-spring-2016-6/,2026-08-12,
gucci_spring_2016_mens_005,Gucci,Spring,2016,2,mens,Spring 2016 Menswear,look_005.png,https://wwd.com/fashion-news/shows-reviews/gallery/gucci-rtw-spring-10238273/gucci-rtw-spring-2016-6/,2026-08-12,
gucci_spring_2016_mens_006,Gucci,Spring,2016,2,mens,Spring 2016 Menswear,look_006.png,https://wwd.com/fashion-news/shows-reviews/gallery/gucci-rtw-spring-10238273/gucci-rtw-spring-2016-6/,2026-08-12,
gucci_spring_2016_womens_001,Gucci,Spring,2016,2,womens,Spring 2016 Ready-to-Wear,look_001.png,https://wwd.com/fashion-news/shows-reviews/gallery/gucci-rtw-spring-10238273/gucci-rtw-spring-2016-6/,2026-08-10,
gucci_spring_2016_womens_002,Gucci,Spring,2016,2,womens,Spring 2016 Ready-to-Wear,look_002.png,https://wwd.com/fashion-news/shows-reviews/gallery/gucci-rtw-spring-10238273/gucci-rtw-spring-2016-6/,2026-08-10,
gucci_spring_2016_womens_003,Gucci,Spring,2016,2,womens,Spring 2016 Ready-to-Wear,look_003.png,https://wwd.com/fashion-news/shows-reviews/gallery/gucci-rtw-spring-10238273/gucci-rtw-spring-2016-6/,2026-08-10,
gucci_spring_2016_womens_004,Gucci,Spring,2016,2,womens,Spring 2016 Ready-to-Wear,look_004.png,https://wwd.com/fashion-news/shows-reviews/gallery/gucci-rtw-spring-10238273/gucci-rtw-spring-2016-6/,2026-08-10,
gucci_spring_2016_womens_005,Gucci,Spring,2016,2,womens,Spring 2016 Ready-to-Wear,look_005.png,https://wwd.com/fashion-news/shows-reviews/gallery/gucci-rtw-spring-10238273/gucci-rtw-spring-2016-6/,2026-08-10,
gucci_spring_2016_womens_006,Gucci,Spring,2016,2,womens,Spring 2016 Ready-to-Wear,look_006.png,https://wwd.com/fashion-news/shows-reviews/gallery/gucci-rtw-spring-10238273/gucci-rtw-spring-2016-6/,2026-08-10,
gucci_spring_2016_womens_007,Gucci,Spring,2016,2,womens,Spring 2016 Ready-to-Wear,look_007.png,https://wwd.com/fashion-news/shows-reviews/gallery/gucci-rtw-spring-10238273/gucci-rtw-spring-2016-6/,2026-08-10,
gucci_spring_2016_womens_008,Gucci,Spring,2016,2,womens,Spring 2016 Ready-to-Wear,look_008.png,https://wwd.com/fashion-news/shows-reviews/gallery/gucci-rtw-spring-10238273/gucci-rtw-spring-2016-6/,2026-08-10,
gucci_spring_2016_womens_009,Gucci,Spring,2016,2,womens,Spring 2016 Ready-to-Wear,look_009.png,https://wwd.com/fashion-news/shows-reviews/gallery/gucci-rtw-spring-10238273/gucci-rtw-spring-2016-6/,2026-08-10,
gucci_spring_2016_womens_010,Gucci,Spring,2016,2,womens,Spring 2016 Ready-to-Wear,look_010.png,https://wwd.com/fashion-news/shows-reviews/gallery/gucci-rtw-spring-10238273/gucci-rtw-spring-2016-6/,2026-08-10,
gucci_spring_2016_womens_011,Gucci,Spring,2016,2,womens,Spring 2016 Ready-to-Wear,look_011.png,https://wwd.com/fashion-news/shows-reviews/gallery/gucci-rtw-spring-10238273/gucci-rtw-spring-2016-6/,2026-08-10,
gucci_spring_2016_womens_012,Gucci,Spring,2016,2,womens,Spring 2016 Ready-to-Wear,look_012.png,https://wwd.com/fashion-news/shows-reviews/gallery/gucci-rtw-spring-10238273/gucci-rtw-spring-2016-6/,2026-08-10,
gucci_fall_2016_mens_001,Gucci,Fall,2016,3,mens,Fall 2016 Menswear,look_001.png,https://www.youtube.com/watch?v=vp7O2JWS6QE,2026-08-12,
gucci_fall_2016_mens_002,Gucci,Fall,2016,3,mens,Fall 2016 Menswear,look_002.png,https://www.youtube.com/watch?v=vp7O2JWS6QE,2026-08-12,
gucci_fall_2016_mens_003,Gucci,Fall,2016,3,mens,Fall 2016 Menswear,look_003.png,https://www.youtube.com/watch?v=vp7O2JWS6QE,2026-08-12,
gucci_fall_2016_mens_004,Gucci,Fall,2016,3,mens,Fall 2016 Menswear,look_004.png,https://www.youtube.com/watch?v=vp7O2JWS6QE,2026-08-12,
gucci_fall_2016_mens_005,Gucci,Fall,2016,3,mens,Fall 2016 Menswear,look_005.png,https://www.youtube.com/watch?v=vp7O2JWS6QE,2026-08-12,
gucci_fall_2016_mens_006,Gucci,Fall,2016,3,mens,Fall 2016 Menswear,look_006.png,https://www.youtube.com/watch?v=vp7O2JWS6QE,2026-08-12,
gucci_fall_2016_mens_007,Gucci,Fall,2016,3,mens,Fall 2016 Menswear,look_007.png,https://www.youtube.com/watch?v=vp7O2JWS6QE,2026-08-12,
gucci_fall_2016_mens_008,Gucci,Fall,2016,3,mens,Fall 2016 Menswear,look_008.png,https://www.youtube.com/watch?v=vp7O2JWS6QE,2026-08-12,
gucci_fall_2016_mens_009,Gucci,Fall,2016,3,mens,Fall 2016 Menswear,look_009.png,https://www.youtube.com/watch?v=vp7O2JWS6QE,2026-08-12,
gucci_fall_2016_mens_010,Gucci,Fall,2016,3,mens,Fall 2016 Menswear,look_010.png,https://www.youtube.com/watch?v=vp7O2JWS6QE,2026-08-12,
gucci_fall_2016_mens_011,Gucci,Fall,2016,3,mens,Fall 2016 Menswear,look_011.png,https://www.youtube.com/watch?v=vp7O2JWS6QE,2026-08-12,
gucci_fall_2016_womens_001,Gucci,Fall,2016,3,womens,Fall 2016 Ready-to-Wear,look_001.png,https://www.youtube.com/watch?v=dyv0tY5a8Lo,2026-08-12,
gucci_fall_2016_womens_002,Gucci,Fall,2016,3,womens,Fall 2016 Ready-to-Wear,look_002.png,https://www.youtube.com/watch?v=dyv0tY5a8Lo,2026-08-12,
gucci_fall_2016_womens_003,Gucci,Fall,2016,3,womens,Fall 2016 Ready-to-Wear,look_003.png,https://www.youtube.com/watch?v=dyv0tY5a8Lo,2026-08-12,
gucci_fall_2016_womens_004,Gucci,Fall,2016,3,womens,Fall 2016 Ready-to-Wear,look_004.png,https://www.youtube.com/watch?v=dyv0tY5a8Lo,2026-08-12,
gucci_fall_2016_womens_005,Gucci,Fall,2016,3,womens,Fall 2016 Ready-to-Wear,look_005.png,https://www.youtube.com/watch?v=dyv0tY5a8Lo,2026-08-12,
gucci_fall_2016_womens_006,Gucci,Fall,2016,3,womens,Fall 2016 Ready-to-Wear,look_006.png,https://www.youtube.com/watch?v=dyv0tY5a8Lo,2026-08-12,
gucci_fall_2016_womens_007,Gucci,Fall,2016,3,womens,Fall 2016 Ready-to-Wear,look_007.png,https://www.youtube.com/watch?v=dyv0tY5a8Lo,2026-08-12,
gucci_fall_2016_womens_008,Gucci,Fall,2016,3,womens,Fall 2016 Ready-to-Wear,look_008.png,https://www.youtube.com/watch?v=dyv0tY5a8Lo,2026-08-12,
gucci_fall_2016_womens_009,Gucci,Fall,2016,3,womens,Fall 2016 Ready-to-Wear,look_009.png,https://www.youtube.com/watch?v=dyv0tY5a8Lo,2026-08-12,
gucci_fall_2016_womens_010,Gucci,Fall,2016,3,womens,Fall 2016 Ready-to-Wear,look_010.png,https://www.youtube.com/watch?v=dyv0tY5a8Lo,2026-08-12,
gucci_fall_2016_womens_011,Gucci,Fall,2016,3,womens,Fall 2016 Ready-to-Wear,look_011.png,https://www.youtube.com/watch?v=dyv0tY5a8Lo,2026-08-12,
gucci_fall_2016_womens_012,Gucci,Fall,2016,3,womens,Fall 2016 Ready-to-Wear,look_012.png,https://www.youtube.com/watch?v=dyv0tY5a8Lo,2026-08-12,
gucci_fall_2016_womens_013,Gucci,Fall,2016,3,womens,Fall 2016 Ready-to-Wear,look_013.png,https://www.youtube.com/watch?v=dyv0tY5a8Lo,2026-08-12,
gucci_fall_2016_womens_014,Gucci,Fall,2016,3,womens,Fall 2016 Ready-to-Wear,look_014.png,https://www.youtube.com/watch?v=dyv0tY5a8Lo,2026-08-12,
gucci_spring_2017_mens_001,Gucci,Spring,2017,4,mens,Spring 2017 Menswear,look_001.png,https://www.youtube.com/watch?v=6nO8odrqcBA,2026-08-12,
gucci_spring_2017_mens_002,Gucci,Spring,2017,4,mens,Spring 2017 Menswear,look_002.png,https://www.youtube.com/watch?v=6nO8odrqcBA,2026-08-12,
gucci_spring_2017_mens_003,Gucci,Spring,2017,4,mens,Spring 2017 Menswear,look_003.png,https://www.youtube.com/watch?v=6nO8odrqcBA,2026-08-12,
gucci_spring_2017_mens_004,Gucci,Spring,2017,4,mens,Spring 2017 Menswear,look_004.png,https://www.youtube.com/watch?v=6nO8odrqcBA,2026-08-12,
gucci_spring_2017_mens_005,Gucci,Spring,2017,4,mens,Spring 2017 Menswear,look_005.png,https://www.youtube.com/watch?v=6nO8odrqcBA,2026-08-12,
gucci_spring_2017_mens_006,Gucci,Spring,2017,4,mens,Spring 2017 Menswear,look_006.png,https://www.youtube.com/watch?v=6nO8odrqcBA,2026-08-12,
gucci_spring_2017_mens_007,Gucci,Spring,2017,4,mens,Spring 2017 Menswear,look_007.png,https://www.youtube.com/watch?v=6nO8odrqcBA,2026-08-12,
gucci_spring_2017_mens_008,Gucci,Spring,2017,4,mens,Spring 2017 Menswear,look_008.png,https://www.youtube.com/watch?v=6nO8odrqcBA,2026-08-12,
gucci_spring_2017_mens_009,Gucci,Spring,2017,4,mens,Spring 2017 Menswear,look_009.png,https://www.youtube.com/watch?v=6nO8odrqcBA,2026-08-12,
gucci_spring_2017_mens_010,Gucci,Spring,2017,4,mens,Spring 2017 Menswear,look_010.png,https://www.youtube.com/watch?v=6nO8odrqcBA,2026-08-12,
gucci_spring_2017_mens_011,Gucci,Spring,2017,4,mens,Spring 2017 Menswear,look_011.png,https://www.youtube.com/watch?v=6nO8odrqcBA,2026-08-12,
gucci_spring_2017_mens_012,Gucci,Spring,2017,4,mens,Spring 2017 Menswear,look_012.png,https://www.youtube.com/watch?v=6nO8odrqcBA,2026-08-12,
gucci_spring_2017_womens_001,Gucci,Spring,2017,4,womens,Spring 2017 Ready-to-Wear,look_001.png,https://www.youtube.com/watch?v=9M0LA3TcTpE,2026-08-12,
gucci_spring_2017_womens_002,Gucci,Spring,2017,4,womens,Spring 2017 Ready-to-Wear,look_002.png,https://www.youtube.com/watch?v=9M0LA3TcTpE,2026-08-12,
gucci_spring_2017_womens_003,Gucci,Spring,2017,4,womens,Spring 2017 Ready-to-Wear,look_003.png,https://www.youtube.com/watch?v=9M0LA3TcTpE,2026-08-12,
gucci_spring_2017_womens_004,Gucci,Spring,2017,4,womens,Spring 2017 Ready-to-Wear,look_004.png,https://www.youtube.com/watch?v=9M0LA3TcTpE,2026-08-12,
gucci_spring_2017_womens_005,Gucci,Spring,2017,4,womens,Spring 2017 Ready-to-Wear,look_005.png,https://www.youtube.com/watch?v=9M0LA3TcTpE,2026-08-12,
gucci_spring_2017_womens_006,Gucci,Spring,2017,4,womens,Spring 2017 Ready-to-Wear,look_006.png,https://www.youtube.com/watch?v=9M0LA3TcTpE,2026-08-12,
gucci_spring_2017_womens_007,Gucci,Spring,2017,4,womens,Spring 2017 Ready-to-Wear,look_007.png,https://www.youtube.com/watch?v=9M0LA3TcTpE,2026-08-12,
gucci_spring_2017_womens_008,Gucci,Spring,2017,4,womens,Spring 2017 Ready-to-Wear,look_008.png,https://www.youtube.com/watch?v=9M0LA3TcTpE,2026-08-12,
gucci_spring_2017_womens_009,Gucci,Spring,2017,4,womens,Spring 2017 Ready-to-Wear,look_009.png,https://www.youtube.com/watch?v=9M0LA3TcTpE,2026-08-12,
gucci_spring_2017_womens_010,Gucci,Spring,2017,4,womens,Spring 2017 Ready-to-Wear,look_010.png,https://www.youtube.com/watch?v=9M0LA3TcTpE,2026-08-12,
gucci_spring_2017_womens_011,Gucci,Spring,2017,4,womens,Spring 2017 Ready-to-Wear,look_011.png,https://www.youtube.com/watch?v=9M0LA3TcTpE,2026-08-12,
gucci_spring_2017_womens_012,Gucci,Spring,2017,4,womens,Spring 2017 Ready-to-Wear,look_012.png,https://www.youtube.com/watch?v=9M0LA3TcTpE,2026-08-12,
gucci_spring_2017_womens_013,Gucci,Spring,2017,4,womens,Spring 2017 Ready-to-Wear,look_013.png,https://www.youtube.com/watch?v=9M0LA3TcTpE,2026-08-12,
gucci_spring_2017_womens_014,Gucci,Spring,2017,4,womens,Spring 2017 Ready-to-Wear,look_014.png,https://www.youtube.com/watch?v=9M0LA3TcTpE,2026-08-12,
gucci_fall_2017_mens_001,Gucci,Fall,2017,5,mens,Fall 2017 Menswear,look_001.jpg,https://www.gucci.com/ca/en/st/stories/article/fall-winter-fashion-show-2017-18-gallery,2026-08-13,
gucci_fall_2017_mens_002,Gucci,Fall,2017,5,mens,Fall 2017 Menswear,look_002.jpg,https://www.gucci.com/ca/en/st/stories/article/fall-winter-fashion-show-2017-18-gallery,2026-08-13,
gucci_fall_2017_mens_003,Gucci,Fall,2017,5,mens,Fall 2017 Menswear,look_003.jpg,https://www.gucci.com/ca/en/st/stories/article/fall-winter-fashion-show-2017-18-gallery,2026-08-13,
gucci_fall_2017_mens_004,Gucci,Fall,2017,5,mens,Fall 2017 Menswear,look_004.jpg,https://www.gucci.com/ca/en/st/stories/article/fall-winter-fashion-show-2017-18-gallery,2026-08-13,
gucci_fall_2017_mens_005,Gucci,Fall,2017,5,mens,Fall 2017 Menswear,look_005.jpg,https://www.gucci.com/ca/en/st/stories/article/fall-winter-fashion-show-2017-18-gallery,2026-08-13,
gucci_fall_2017_mens_006,Gucci,Fall,2017,5,mens,Fall 2017 Menswear,look_006.jpg,https://www.gucci.com/ca/en/st/stories/article/fall-winter-fashion-show-2017-18-gallery,2026-08-13,
gucci_fall_2017_mens_007,Gucci,Fall,2017,5,mens,Fall 2017 Menswear,look_007.jpg,https://www.gucci.com/ca/en/st/stories/article/fall-winter-fashion-show-2017-18-gallery,2026-08-13,
gucci_fall_2017_mens_008,Gucci,Fall,2017,5,mens,Fall 2017 Menswear,look_008.jpg,https://www.gucci.com/ca/en/st/stories/article/fall-winter-fashion-show-2017-18-gallery,2026-08-13,
gucci_fall_2017_mens_009,Gucci,Fall,2017,5,mens,Fall 2017 Menswear,look_009.jpg,https://www.gucci.com/ca/en/st/stories/article/fall-winter-fashion-show-2017-18-gallery,2026-08-13,
gucci_fall_2017_mens_010,Gucci,Fall,2017,5,mens,Fall 2017 Menswear,look_010.jpg,https://www.gucci.com/ca/en/st/stories/article/fall-winter-fashion-show-2017-18-gallery,2026-08-13,
gucci_fall_2017_mens_011,Gucci,Fall,2017,5,mens,Fall 2017 Menswear,look_011.jpg,https://www.gucci.com/ca/en/st/stories/article/fall-winter-fashion-show-2017-18-gallery,2026-08-13,
gucci_fall_2017_mens_012,Gucci,Fall,2017,5,mens,Fall 2017 Menswear,look_012.jpg,https://www.gucci.com/ca/en/st/stories/article/fall-winter-fashion-show-2017-18-gallery,2026-08-13,
gucci_fall_2017_mens_013,Gucci,Fall,2017,5,mens,Fall 2017 Menswear,look_013.jpg,https://www.gucci.com/ca/en/st/stories/article/fall-winter-fashion-show-2017-18-gallery,2026-08-13,
gucci_fall_2017_mens_014,Gucci,Fall,2017,5,mens,Fall 2017 Menswear,look_014.jpg,https://www.gucci.com/ca/en/st/stories/article/fall-winter-fashion-show-2017-18-gallery,2026-08-13,
gucci_fall_2017_womens_001,Gucci,Fall,2017,5,womens,Fall 2017 Ready-to-Wear,look_001.jpg,https://www.gucci.com/ca/en/st/stories/article/fall-winter-fashion-show-2017-18-gallery,2026-08-13,
gucci_fall_2017_womens_002,Gucci,Fall,2017,5,womens,Fall 2017 Ready-to-Wear,look_002.jpg,https://www.gucci.com/ca/en/st/stories/article/fall-winter-fashion-show-2017-18-gallery,2026-08-13,
gucci_fall_2017_womens_003,Gucci,Fall,2017,5,womens,Fall 2017 Ready-to-Wear,look_003.jpg,https://www.gucci.com/ca/en/st/stories/article/fall-winter-fashion-show-2017-18-gallery,2026-08-13,
gucci_fall_2017_womens_004,Gucci,Fall,2017,5,womens,Fall 2017 Ready-to-Wear,look_004.jpg,https://www.gucci.com/ca/en/st/stories/article/fall-winter-fashion-show-2017-18-gallery,2026-08-13,
gucci_fall_2017_womens_005,Gucci,Fall,2017,5,womens,Fall 2017 Ready-to-Wear,look_005.jpg,https://www.gucci.com/ca/en/st/stories/article/fall-winter-fashion-show-2017-18-gallery,2026-08-13,
gucci_fall_2017_womens_006,Gucci,Fall,2017,5,womens,Fall 2017 Ready-to-Wear,look_006.jpg,https://www.gucci.com/ca/en/st/stories/article/fall-winter-fashion-show-2017-18-gallery,2026-08-13,
gucci_fall_2017_womens_007,Gucci,Fall,2017,5,womens,Fall 2017 Ready-to-Wear,look_007.jpg,https://www.gucci.com/ca/en/st/stories/article/fall-winter-fashion-show-2017-18-gallery,2026-08-13,
gucci_fall_2017_womens_008,Gucci,Fall,2017,5,womens,Fall 2017 Ready-to-Wear,look_008.jpg,https://www.gucci.com/ca/en/st/stories/article/fall-winter-fashion-show-2017-18-gallery,2026-08-13,
gucci_fall_2017_womens_009,Gucci,Fall,2017,5,womens,Fall 2017 Ready-to-Wear,look_009.jpg,https://www.gucci.com/ca/en/st/stories/article/fall-winter-fashion-show-2017-18-gallery,2026-08-13,
gucci_fall_2017_womens_010,Gucci,Fall,2017,5,womens,Fall 2017 Ready-to-Wear,look_010.jpg,https://www.gucci.com/ca/en/st/stories/article/fall-winter-fashion-show-2017-18-gallery,2026-08-13,
gucci_fall_2017_womens_011,Gucci,Fall,2017,5,womens,Fall 2017 Ready-to-Wear,look_011.jpg,https://www.gucci.com/ca/en/st/stories/article/fall-winter-fashion-show-2017-18-gallery,2026-08-13,
gucci_fall_2017_womens_012,Gucci,Fall,2017,5,womens,Fall 2017 Ready-to-Wear,look_012.jpg,https://www.gucci.com/ca/en/st/stories/article/fall-winter-fashion-show-2017-18-gallery,2026-08-13,
gucci_fall_2017_womens_013,Gucci,Fall,2017,5,womens,Fall 2017 Ready-to-Wear,look_013.jpg,https://www.gucci.com/ca/en/st/stories/article/fall-winter-fashion-show-2017-18-gallery,2026-08-13,
gucci_fall_2017_womens_014,Gucci,Fall,2017,5,womens,Fall 2017 Ready-to-Wear,look_014.jpg,https://www.gucci.com/ca/en/st/stories/article/fall-winter-fashion-show-2017-18-gallery,2026-08-13,
gucci_spring_2018_mens_001,Gucci,Spring,2018,6,mens,Spring 2018 Menswear,look_001.avif,https://www.gucci.com/us/en/st/stories/article/women-men-spring-summer-fashion-show-2018-gallery,2026-08-13,
gucci_spring_2018_mens_002,Gucci,Spring,2018,6,mens,Spring 2018 Menswear,look_002.avif,https://www.gucci.com/us/en/st/stories/article/women-men-spring-summer-fashion-show-2018-gallery,2026-08-13,
gucci_spring_2018_mens_003,Gucci,Spring,2018,6,mens,Spring 2018 Menswear,look_003.avif,https://www.gucci.com/us/en/st/stories/article/women-men-spring-summer-fashion-show-2018-gallery,2026-08-13,
gucci_spring_2018_mens_004,Gucci,Spring,2018,6,mens,Spring 2018 Menswear,look_004.avif,https://www.gucci.com/us/en/st/stories/article/women-men-spring-summer-fashion-show-2018-gallery,2026-08-13,
gucci_spring_2018_mens_005,Gucci,Spring,2018,6,mens,Spring 2018 Menswear,look_005.jpg,https://www.gucci.com/us/en/st/stories/article/women-men-spring-summer-fashion-show-2018-gallery,2026-08-13,
gucci_spring_2018_mens_006,Gucci,Spring,2018,6,mens,Spring 2018 Menswear,look_006.avif,https://www.gucci.com/us/en/st/stories/article/women-men-spring-summer-fashion-show-2018-gallery,2026-08-13,
gucci_spring_2018_mens_007,Gucci,Spring,2018,6,mens,Spring 2018 Menswear,look_007.avif,https://www.gucci.com/us/en/st/stories/article/women-men-spring-summer-fashion-show-2018-gallery,2026-08-13,
gucci_spring_2018_mens_008,Gucci,Spring,2018,6,mens,Spring 2018 Menswear,look_008.avif,https://www.gucci.com/us/en/st/stories/article/women-men-spring-summer-fashion-show-2018-gallery,2026-08-13,
gucci_spring_2018_mens_009,Gucci,Spring,2018,6,mens,Spring 2018 Menswear,look_009.avif,https://www.gucci.com/us/en/st/stories/article/women-men-spring-summer-fashion-show-2018-gallery,2026-08-13,
gucci_spring_2018_mens_010,Gucci,Spring,2018,6,mens,Spring 2018 Menswear,look_010.avif,https://www.gucci.com/us/en/st/stories/article/women-men-spring-summer-fashion-show-2018-gallery,2026-08-13,
gucci_spring_2018_mens_011,Gucci,Spring,2018,6,mens,Spring 2018 Menswear,look_011.avif,https://www.gucci.com/us/en/st/stories/article/women-men-spring-summer-fashion-show-2018-gallery,2026-08-13,
gucci_spring_2018_mens_012,Gucci,Spring,2018,6,mens,Spring 2018 Menswear,look_012.avif,https://www.gucci.com/us/en/st/stories/article/women-men-spring-summer-fashion-show-2018-gallery,2026-08-13,
gucci_spring_2018_mens_013,Gucci,Spring,2018,6,mens,Spring 2018 Menswear,look_013.avif,https://www.gucci.com/us/en/st/stories/article/women-men-spring-summer-fashion-show-2018-gallery,2026-08-13,
gucci_spring_2018_mens_014,Gucci,Spring,2018,6,mens,Spring 2018 Menswear,look_014.avif,https://www.gucci.com/us/en/st/stories/article/women-men-spring-summer-fashion-show-2018-gallery,2026-08-13,
gucci_spring_2018_mens_015,Gucci,Spring,2018,6,mens,Spring 2018 Menswear,look_015.avif,https://www.gucci.com/us/en/st/stories/article/women-men-spring-summer-fashion-show-2018-gallery,2026-08-13,
gucci_spring_2018_mens_016,Gucci,Spring,2018,6,mens,Spring 2018 Menswear,look_016.avif,https://www.gucci.com/us/en/st/stories/article/women-men-spring-summer-fashion-show-2018-gallery,2026-08-13,
gucci_spring_2018_womens_001,Gucci,Spring,2018,6,womens,Spring 2018 Ready-to-Wear,look_001.jpg,https://www.gucci.com/us/en/st/stories/article/women-men-spring-summer-fashion-show-2018-gallery,2026-08-13,
gucci_spring_2018_womens_002,Gucci,Spring,2018,6,womens,Spring 2018 Ready-to-Wear,look_002.jpg,https://www.gucci.com/us/en/st/stories/article/women-men-spring-summer-fashion-show-2018-gallery,2026-08-13,
gucci_spring_2018_womens_003,Gucci,Spring,2018,6,womens,Spring 2018 Ready-to-Wear,look_003.jpg,https://www.gucci.com/us/en/st/stories/article/women-men-spring-summer-fashion-show-2018-gallery,2026-08-13,
gucci_spring_2018_womens_004,Gucci,Spring,2018,6,womens,Spring 2018 Ready-to-Wear,look_004.jpg,https://www.gucci.com/us/en/st/stories/article/women-men-spring-summer-fashion-show-2018-gallery,2026-08-13,
gucci_spring_2018_womens_005,Gucci,Spring,2018,6,womens,Spring 2018 Ready-to-Wear,look_005.jpg,https://www.gucci.com/us/en/st/stories/article/women-men-spring-summer-fashion-show-2018-gallery,2026-08-13,
gucci_spring_2018_womens_006,Gucci,Spring,2018,6,womens,Spring 2018 Ready-to-Wear,look_006.jpg,https://www.gucci.com/us/en/st/stories/article/women-men-spring-summer-fashion-show-2018-gallery,2026-08-13,
gucci_spring_2018_womens_007,Gucci,Spring,2018,6,womens,Spring 2018 Ready-to-Wear,look_007.avif,https://www.gucci.com/us/en/st/stories/article/women-men-spring-summer-fashion-show-2018-gallery,2026-08-13,
gucci_spring_2018_womens_008,Gucci,Spring,2018,6,womens,Spring 2018 Ready-to-Wear,look_008.jpg,https://www.gucci.com/us/en/st/stories/article/women-men-spring-summer-fashion-show-2018-gallery,2026-08-13,
gucci_spring_2018_womens_009,Gucci,Spring,2018,6,womens,Spring 2018 Ready-to-Wear,look_009.avif,https://www.gucci.com/us/en/st/stories/article/women-men-spring-summer-fashion-show-2018-gallery,2026-08-13,
gucci_spring_2018_womens_010,Gucci,Spring,2018,6,womens,Spring 2018 Ready-to-Wear,look_010.jpg,https://www.gucci.com/us/en/st/stories/article/women-men-spring-summer-fashion-show-2018-gallery,2026-08-13,
gucci_spring_2018_womens_011,Gucci,Spring,2018,6,womens,Spring 2018 Ready-to-Wear,look_011.avif,https://www.gucci.com/us/en/st/stories/article/women-men-spring-summer-fashion-show-2018-gallery,2026-08-13,
gucci_spring_2018_womens_012,Gucci,Spring,2018,6,womens,Spring 2018 Ready-to-Wear,look_012.jpg,https://www.gucci.com/us/en/st/stories/article/women-men-spring-summer-fashion-show-2018-gallery,2026-08-13,
gucci_spring_2018_womens_013,Gucci,Spring,2018,6,womens,Spring 2018 Ready-to-Wear,look_013.avif,https://www.gucci.com/us/en/st/stories/article/women-men-spring-summer-fashion-show-2018-gallery,2026-08-13,
gucci_spring_2018_womens_014,Gucci,Spring,2018,6,womens,Spring 2018 Ready-to-Wear,look_014.avif,https://www.gucci.com/us/en/st/stories/article/women-men-spring-summer-fashion-show-2018-gallery,2026-08-13,
gucci_spring_2018_womens_015,Gucci,Spring,2018,6,womens,Spring 2018 Ready-to-Wear,look_015.avif,https://www.gucci.com/us/en/st/stories/article/women-men-spring-summer-fashion-show-2018-gallery,2026-08-13,
gucci_fall_2018_mens_001,Gucci,Fall,2018,7,mens,Fall 2018 Menswear,look_001.jpg,https://www.gucci.com/us/en/st/stories/article/fall-winter-2018-gallery,2026-08-13,
gucci_fall_2018_mens_002,Gucci,Fall,2018,7,mens,Fall 2018 Menswear,look_002.webp,https://www.gucci.com/us/en/st/stories/article/fall-winter-2018-gallery,2026-08-13,
gucci_fall_2018_mens_003,Gucci,Fall,2018,7,mens,Fall 2018 Menswear,look_003.webp,https://www.gucci.com/us/en/st/stories/article/fall-winter-2018-gallery,2026-08-13,
gucci_fall_2018_mens_004,Gucci,Fall,2018,7,mens,Fall 2018 Menswear,look_004.webp,https://www.gucci.com/us/en/st/stories/article/fall-winter-2018-gallery,2026-08-13,
gucci_fall_2018_mens_005,Gucci,Fall,2018,7,mens,Fall 2018 Menswear,look_005.webp,https://www.gucci.com/us/en/st/stories/article/fall-winter-2018-gallery,2026-08-13,
gucci_fall_2018_mens_006,Gucci,Fall,2018,7,mens,Fall 2018 Menswear,look_006.webp,https://www.gucci.com/us/en/st/stories/article/fall-winter-2018-gallery,2026-08-13,
gucci_fall_2018_mens_007,Gucci,Fall,2018,7,mens,Fall 2018 Menswear,look_007.webp,https://www.gucci.com/us/en/st/stories/article/fall-winter-2018-gallery,2026-08-13,
gucci_fall_2018_mens_008,Gucci,Fall,2018,7,mens,Fall 2018 Menswear,look_008.webp,https://www.gucci.com/us/en/st/stories/article/fall-winter-2018-gallery,2026-08-13,
gucci_fall_2018_mens_009,Gucci,Fall,2018,7,mens,Fall 2018 Menswear,look_009.webp,https://www.gucci.com/us/en/st/stories/article/fall-winter-2018-gallery,2026-08-13,
gucci_fall_2018_mens_010,Gucci,Fall,2018,7,mens,Fall 2018 Menswear,look_010.webp,https://www.gucci.com/us/en/st/stories/article/fall-winter-2018-gallery,2026-08-13,
gucci_fall_2018_mens_011,Gucci,Fall,2018,7,mens,Fall 2018 Menswear,look_011.webp,https://www.gucci.com/us/en/st/stories/article/fall-winter-2018-gallery,2026-08-13,
gucci_fall_2018_mens_012,Gucci,Fall,2018,7,mens,Fall 2018 Menswear,look_012.webp,https://www.gucci.com/us/en/st/stories/article/fall-winter-2018-gallery,2026-08-13,
gucci_fall_2018_mens_013,Gucci,Fall,2018,7,mens,Fall 2018 Menswear,look_013.jpg,https://www.gucci.com/us/en/st/stories/article/fall-winter-2018-gallery,2026-08-13,
gucci_fall_2018_mens_014,Gucci,Fall,2018,7,mens,Fall 2018 Menswear,look_014.jpg,https://www.gucci.com/us/en/st/stories/article/fall-winter-2018-gallery,2026-08-13,
gucci_fall_2018_mens_015,Gucci,Fall,2018,7,mens,Fall 2018 Menswear,look_015.webp,https://www.gucci.com/us/en/st/stories/article/fall-winter-2018-gallery,2026-08-13,
gucci_fall_2018_womens_001,Gucci,Fall,2018,7,womens,Fall 2018 Ready-to-Wear,look_001.avif,https://www.gucci.com/us/en/st/stories/article/fall-winter-2018-gallery,2026-08-13,
gucci_fall_2018_womens_002,Gucci,Fall,2018,7,womens,Fall 2018 Ready-to-Wear,look_002.avif,https://www.gucci.com/us/en/st/stories/article/fall-winter-2018-gallery,2026-08-13,
gucci_fall_2018_womens_003,Gucci,Fall,2018,7,womens,Fall 2018 Ready-to-Wear,look_003.webp,https://www.gucci.com/us/en/st/stories/article/fall-winter-2018-gallery,2026-08-13,
gucci_fall_2018_womens_004,Gucci,Fall,2018,7,womens,Fall 2018 Ready-to-Wear,look_004.webp,https://www.gucci.com/us/en/st/stories/article/fall-winter-2018-gallery,2026-08-13,
gucci_fall_2018_womens_005,Gucci,Fall,2018,7,womens,Fall 2018 Ready-to-Wear,look_005.webp,https://www.gucci.com/us/en/st/stories/article/fall-winter-2018-gallery,2026-08-13,
gucci_fall_2018_womens_006,Gucci,Fall,2018,7,womens,Fall 2018 Ready-to-Wear,look_006.webp,https://www.gucci.com/us/en/st/stories/article/fall-winter-2018-gallery,2026-08-13,
gucci_fall_2018_womens_007,Gucci,Fall,2018,7,womens,Fall 2018 Ready-to-Wear,look_007.webp,https://www.gucci.com/us/en/st/stories/article/fall-winter-2018-gallery,2026-08-13,
gucci_fall_2018_womens_008,Gucci,Fall,2018,7,womens,Fall 2018 Ready-to-Wear,look_008.webp,https://www.gucci.com/us/en/st/stories/article/fall-winter-2018-gallery,2026-08-13,
gucci_fall_2018_womens_009,Gucci,Fall,2018,7,womens,Fall 2018 Ready-to-Wear,look_009.webp,https://www.gucci.com/us/en/st/stories/article/fall-winter-2018-gallery,2026-08-13,
gucci_fall_2018_womens_010,Gucci,Fall,2018,7,womens,Fall 2018 Ready-to-Wear,look_010.webp,https://www.gucci.com/us/en/st/stories/article/fall-winter-2018-gallery,2026-08-13,
gucci_fall_2018_womens_011,Gucci,Fall,2018,7,womens,Fall 2018 Ready-to-Wear,look_011.webp,https://www.gucci.com/us/en/st/stories/article/fall-winter-2018-gallery,2026-08-13,
gucci_fall_2018_womens_012,Gucci,Fall,2018,7,womens,Fall 2018 Ready-to-Wear,look_012.webp,https://www.gucci.com/us/en/st/stories/article/fall-winter-2018-gallery,2026-08-13,
gucci_fall_2018_womens_013,Gucci,Fall,2018,7,womens,Fall 2018 Ready-to-Wear,look_013.webp,https://www.gucci.com/us/en/st/stories/article/fall-winter-2018-gallery,2026-08-13,
gucci_fall_2018_womens_014,Gucci,Fall,2018,7,womens,Fall 2018 Ready-to-Wear,look_014.webp,https://www.gucci.com/us/en/st/stories/article/fall-winter-2018-gallery,2026-08-13,
gucci_fall_2018_womens_015,Gucci,Fall,2018,7,womens,Fall 2018 Ready-to-Wear,look_015.webp,https://www.gucci.com/us/en/st/stories/article/fall-winter-2018-gallery,2026-08-13,
gucci_spring_2019_mens_001,Gucci,Spring,2019,8,mens,Spring 2019 Menswear,look_001.avif,https://www.gucci.com/us/en/st/stories/article/spring-summer-2019-looks-gallery,2026-08-13,
gucci_spring_2019_mens_002,Gucci,Spring,2019,8,mens,Spring 2019 Menswear,look_002.avif,https://www.gucci.com/us/en/st/stories/article/spring-summer-2019-looks-gallery,2026-08-13,
gucci_spring_2019_mens_003,Gucci,Spring,2019,8,mens,Spring 2019 Menswear,look_003.avif,https://www.gucci.com/us/en/st/stories/article/spring-summer-2019-looks-gallery,2026-08-13,
gucci_spring_2019_mens_004,Gucci,Spring,2019,8,mens,Spring 2019 Menswear,look_004.avif,https://www.gucci.com/us/en/st/stories/article/spring-summer-2019-looks-gallery,2026-08-13,
gucci_spring_2019_mens_005,Gucci,Spring,2019,8,mens,Spring 2019 Menswear,look_005.jpg,https://www.gucci.com/us/en/st/stories/article/spring-summer-2019-looks-gallery,2026-08-13,
gucci_spring_2019_mens_006,Gucci,Spring,2019,8,mens,Spring 2019 Menswear,look_006.jpg,https://www.gucci.com/us/en/st/stories/article/spring-summer-2019-looks-gallery,2026-08-13,
gucci_spring_2019_mens_007,Gucci,Spring,2019,8,mens,Spring 2019 Menswear,look_007.avif,https://www.gucci.com/us/en/st/stories/article/spring-summer-2019-looks-gallery,2026-08-13,
gucci_spring_2019_mens_008,Gucci,Spring,2019,8,mens,Spring 2019 Menswear,look_008.avif,https://www.gucci.com/us/en/st/stories/article/spring-summer-2019-looks-gallery,2026-08-13,
gucci_spring_2019_mens_009,Gucci,Spring,2019,8,mens,Spring 2019 Menswear,look_009.avif,https://www.gucci.com/us/en/st/stories/article/spring-summer-2019-looks-gallery,2026-08-13,
gucci_spring_2019_mens_010,Gucci,Spring,2019,8,mens,Spring 2019 Menswear,look_010.avif,https://www.gucci.com/us/en/st/stories/article/spring-summer-2019-looks-gallery,2026-08-13,
gucci_spring_2019_mens_011,Gucci,Spring,2019,8,mens,Spring 2019 Menswear,look_011.avif,https://www.gucci.com/us/en/st/stories/article/spring-summer-2019-looks-gallery,2026-08-13,
gucci_spring_2019_mens_012,Gucci,Spring,2019,8,mens,Spring 2019 Menswear,look_012.jpg,https://www.gucci.com/us/en/st/stories/article/spring-summer-2019-looks-gallery,2026-08-13,
gucci_spring_2019_mens_013,Gucci,Spring,2019,8,mens,Spring 2019 Menswear,look_013.avif,https://www.gucci.com/us/en/st/stories/article/spring-summer-2019-looks-gallery,2026-08-13,
gucci_spring_2019_mens_014,Gucci,Spring,2019,8,mens,Spring 2019 Menswear,look_014.webp,https://www.gucci.com/us/en/st/stories/article/spring-summer-2019-looks-gallery,2026-08-13,
gucci_spring_2019_mens_015,Gucci,Spring,2019,8,mens,Spring 2019 Menswear,look_015.avif,https://www.gucci.com/us/en/st/stories/article/spring-summer-2019-looks-gallery,2026-08-13,
gucci_spring_2019_mens_016,Gucci,Spring,2019,8,mens,Spring 2019 Menswear,look_016.webp,https://www.gucci.com/us/en/st/stories/article/spring-summer-2019-looks-gallery,2026-08-13,
gucci_spring_2019_mens_017,Gucci,Spring,2019,8,mens,Spring 2019 Menswear,look_017.jpg,https://www.gucci.com/us/en/st/stories/article/spring-summer-2019-looks-gallery,2026-08-13,
gucci_spring_2019_womens_001,Gucci,Spring,2019,8,womens,Spring 2019 Ready-to-Wear,look_001.avif,https://www.gucci.com/us/en/st/stories/article/spring-summer-2019-looks-gallery,2026-08-13,
gucci_spring_2019_womens_002,Gucci,Spring,2019,8,womens,Spring 2019 Ready-to-Wear,look_002.webp,https://www.gucci.com/us/en/st/stories/article/spring-summer-2019-looks-gallery,2026-08-13,
gucci_spring_2019_womens_003,Gucci,Spring,2019,8,womens,Spring 2019 Ready-to-Wear,look_003.avif,https://www.gucci.com/us/en/st/stories/article/spring-summer-2019-looks-gallery,2026-08-13,
gucci_spring_2019_womens_004,Gucci,Spring,2019,8,womens,Spring 2019 Ready-to-Wear,look_004.avif,https://www.gucci.com/us/en/st/stories/article/spring-summer-2019-looks-gallery,2026-08-13,
gucci_spring_2019_womens_005,Gucci,Spring,2019,8,womens,Spring 2019 Ready-to-Wear,look_005.avif,https://www.gucci.com/us/en/st/stories/article/spring-summer-2019-looks-gallery,2026-08-13,
gucci_spring_2019_womens_006,Gucci,Spring,2019,8,womens,Spring 2019 Ready-to-Wear,look_006.webp,https://www.gucci.com/us/en/st/stories/article/spring-summer-2019-looks-gallery,2026-08-13,
gucci_spring_2019_womens_007,Gucci,Spring,2019,8,womens,Spring 2019 Ready-to-Wear,look_007.jpg,https://www.gucci.com/us/en/st/stories/article/spring-summer-2019-looks-gallery,2026-08-13,
gucci_spring_2019_womens_008,Gucci,Spring,2019,8,womens,Spring 2019 Ready-to-Wear,look_008.avif,https://www.gucci.com/us/en/st/stories/article/spring-summer-2019-looks-gallery,2026-08-13,
gucci_spring_2019_womens_009,Gucci,Spring,2019,8,womens,Spring 2019 Ready-to-Wear,look_009.jpg,https://www.gucci.com/us/en/st/stories/article/spring-summer-2019-looks-gallery,2026-08-13,
gucci_spring_2019_womens_010,Gucci,Spring,2019,8,womens,Spring 2019 Ready-to-Wear,look_010.avif,https://www.gucci.com/us/en/st/stories/article/spring-summer-2019-looks-gallery,2026-08-13,
gucci_spring_2019_womens_011,Gucci,Spring,2019,8,womens,Spring 2019 Ready-to-Wear,look_011.avif,https://www.gucci.com/us/en/st/stories/article/spring-summer-2019-looks-gallery,2026-08-13,
gucci_spring_2019_womens_012,Gucci,Spring,2019,8,womens,Spring 2019 Ready-to-Wear,look_012.jpg,https://www.gucci.com/us/en/st/stories/article/spring-summer-2019-looks-gallery,2026-08-13,
gucci_spring_2019_womens_013,Gucci,Spring,2019,8,womens,Spring 2019 Ready-to-Wear,look_013.avif,https://www.gucci.com/us/en/st/stories/article/spring-summer-2019-looks-gallery,2026-08-13,
gucci_spring_2019_womens_014,Gucci,Spring,2019,8,womens,Spring 2019 Ready-to-Wear,look_014.jpg,https://www.gucci.com/us/en/st/stories/article/spring-summer-2019-looks-gallery,2026-08-13,
gucci_spring_2019_womens_015,Gucci,Spring,2019,8,womens,Spring 2019 Ready-to-Wear,look_015.avif,https://www.gucci.com/us/en/st/stories/article/spring-summer-2019-looks-gallery,2026-08-13,
gucci_spring_2019_womens_016,Gucci,Spring,2019,8,womens,Spring 2019 Ready-to-Wear,look_016.avif,https://www.gucci.com/us/en/st/stories/article/spring-summer-2019-looks-gallery,2026-08-13,
gucci_spring_2019_womens_017,Gucci,Spring,2019,8,womens,Spring 2019 Ready-to-Wear,look_017.avif,https://www.gucci.com/us/en/st/stories/article/spring-summer-2019-looks-gallery,2026-08-13,
